-- phpMyAdmin SQL Dump
-- version 4.8.3
-- https://www.phpmyadmin.net/
--
-- Gazdă: 127.0.0.1
-- Timp de generare: nov. 06, 2018 la 09:54 PM
-- Versiune server: 10.1.35-MariaDB
-- Versiune PHP: 7.2.9

SET SQL_MODE = "NO_AUTO_VALUE_ON_ZERO";
SET AUTOCOMMIT = 0;
START TRANSACTION;
SET time_zone = "+00:00";


/*!40101 SET @OLD_CHARACTER_SET_CLIENT=@@CHARACTER_SET_CLIENT */;
/*!40101 SET @OLD_CHARACTER_SET_RESULTS=@@CHARACTER_SET_RESULTS */;
/*!40101 SET @OLD_COLLATION_CONNECTION=@@COLLATION_CONNECTION */;
/*!40101 SET NAMES utf8mb4 */;

--
-- Bază de date: `demo`
--

-- --------------------------------------------------------

--
-- Structură tabel pentru tabel `customers`
--

CREATE TABLE `customers` (
  `id` int(11) NOT NULL,
  `first_name` varchar(50) DEFAULT NULL,
  `last_name` varchar(50) DEFAULT NULL,
  `email` varchar(50) DEFAULT NULL,
  `gender` varchar(50) DEFAULT NULL
) ENGINE=InnoDB DEFAULT CHARSET=utf8;

--
-- Eliminarea datelor din tabel `customers`
--

INSERT INTO `customers` (`id`, `first_name`, `last_name`, `email`, `gender`) VALUES
(1, 'Ruperto', 'Redgate', 'rredgate0@disqus.com', 'M'),
(2, 'Anastassia', 'Elston', 'aelston1@yellowpages.com', 'F'),
(3, 'Almeda', 'Eakens', 'aeakens2@tumblr.com', 'F'),
(4, 'Arturo', 'Elix', 'aelix3@typepad.com', 'M'),
(5, 'Lars', 'Vowells', 'lvowells4@nytimes.com', 'M'),
(6, 'Honoria', 'Menichelli', 'hmenichelli5@arstechnica.com', 'F'),
(7, 'Silvana', 'Ickowics', 'sickowics6@tamu.edu', 'F'),
(8, 'Dino', 'Giblin', 'dgiblin7@google.com.au', 'M'),
(9, 'Jillene', 'Joplin', 'jjoplin8@spotify.com', 'F'),
(10, 'Skippie', 'De Bruijn', 'sdebruijn9@spiegel.de', 'M'),
(11, 'Flem', 'Petters', 'fpettersa@independent.co.uk', 'M'),
(12, 'Robyn', 'Orme', 'rormeb@123-reg.co.uk', 'F'),
(13, 'Cortney', 'Heinz', 'cheinzc@nydailynews.com', 'F'),
(14, 'Wheeler', 'Arger', 'wargerd@apple.com', 'M'),
(15, 'Dyanna', 'Tees', 'dteese@virginia.edu', 'F'),
(16, 'Maryjane', 'Downs', 'mdownsf@51.la', 'F'),
(17, 'Beckie', 'Seaman', 'bseamang@cargocollective.com', 'F'),
(18, 'Elicia', 'Bowhey', 'ebowheyh@naver.com', 'F'),
(19, 'Auguste', 'Adamovitz', 'aadamovitzi@last.fm', 'F'),
(20, 'Hal', 'Braunds', 'hbraundsj@comsenz.com', 'M'),
(21, 'Marti', 'Snoxall', 'msnoxallk@bigcartel.com', 'F'),
(22, 'Franny', 'Mount', 'fmountl@hubpages.com', 'M'),
(23, 'Rinaldo', 'Kittman', 'rkittmanm@rediff.com', 'M'),
(24, 'Matthiew', 'Piggen', 'mpiggenn@discovery.com', 'M'),
(25, 'Ethelbert', 'Milius', 'emiliuso@forbes.com', 'M'),
(26, 'Barnard', 'Crennan', 'bcrennanp@about.com', 'M'),
(27, 'Joseito', 'Eckley', 'jeckleyq@ftc.gov', 'M'),
(28, 'Micaela', 'Willshire', 'mwillshirer@geocities.com', 'F'),
(29, 'Magda', 'Danes', 'mdaness@patch.com', 'F'),
(30, 'Frederick', 'Kinge', 'fkinget@unesco.org', 'M'),
(31, 'Harlin', 'Brunsen', 'hbrunsenu@jiathis.com', 'M'),
(32, 'Trish', 'Giffkins', 'tgiffkinsv@wp.com', 'F'),
(33, 'Farah', 'McCaster', 'fmccasterw@si.edu', 'F'),
(34, 'Lorens', 'Say', 'lsayx@imageshack.us', 'M'),
(35, 'Harlen', 'Briston', 'hbristony@com.com', 'M'),
(36, 'Isidore', 'Gurr', 'igurrz@cornell.edu', 'M'),
(37, 'Inga', 'Colquyte', 'icolquyte10@sphinn.com', 'F'),
(38, 'Marcela', 'Myrie', 'mmyrie11@reference.com', 'F'),
(39, 'Dorothy', 'Curtiss', 'dcurtiss12@com.com', 'F'),
(40, 'Riley', 'Cissen', 'rcissen13@webmd.com', 'M'),
(41, 'Randal', 'MacIlurick', 'rmacilurick14@tuttocitta.it', 'M'),
(42, 'Phyllida', 'Barnard', 'pbarnard15@comsenz.com', 'F'),
(43, 'Brew', 'Lorent', 'blorent16@merriam-webster.com', 'M'),
(44, 'Lalo', 'Carmichael', 'lcarmichael17@com.com', 'M'),
(45, 'Othella', 'Carp', 'ocarp18@squarespace.com', 'F'),
(46, 'Michaella', 'Yann', 'myann19@google.com', 'F'),
(47, 'Egbert', 'Cuardall', 'ecuardall1a@sbwire.com', 'M'),
(48, 'Siouxie', 'McCorkell', 'smccorkell1b@1688.com', 'F'),
(49, 'Eric', 'Wadman', 'ewadman1c@purevolume.com', 'M'),
(50, 'Edmund', 'Shreeves', 'eshreeves1d@hexun.com', 'M'),
(51, 'Malvin', 'Prevost', 'mprevost1e@slideshare.net', 'M'),
(52, 'Christabella', 'Mynott', 'cmynott1f@wordpress.org', 'F'),
(53, 'Phil', 'Brown', 'pbrown1g@yandex.ru', 'F'),
(54, 'Benedikt', 'Yekel', 'byekel1h@netscape.com', 'M'),
(55, 'Timmie', 'Sleeman', 'tsleeman1i@va.gov', 'F'),
(56, 'Leda', 'Whale', 'lwhale1j@mtv.com', 'F'),
(57, 'Corena', 'Biever', 'cbiever1k@topsy.com', 'F'),
(58, 'Anabella', 'Youens', 'ayouens1l@blogs.com', 'F'),
(59, 'Elroy', 'Crickmoor', 'ecrickmoor1m@biblegateway.com', 'M'),
(60, 'Regen', 'Hateley', 'rhateley1n@odnoklassniki.ru', 'M'),
(61, 'Jo', 'Dirr', 'jdirr1o@sohu.com', 'F'),
(62, 'Adoree', 'Rodriguez', 'arodriguez1p@utexas.edu', 'F'),
(63, 'Franny', 'Chazerand', 'fchazerand1q@woothemes.com', 'M'),
(64, 'Nicolai', 'O\'Kenny', 'nokenny1r@cisco.com', 'M'),
(65, 'Griffy', 'Farnon', 'gfarnon1s@shutterfly.com', 'M'),
(66, 'Karee', 'Rahl', 'krahl1t@cdbaby.com', 'F'),
(67, 'Stefano', 'Brydson', 'sbrydson1u@cafepress.com', 'M'),
(68, 'Carmine', 'Starzaker', 'cstarzaker1v@goo.ne.jp', 'M'),
(69, 'Huberto', 'Bullers', 'hbullers1w@earthlink.net', 'M'),
(70, 'Felicdad', 'Hazlehurst', 'fhazlehurst1x@blinklist.com', 'F'),
(71, 'Dyana', 'Feldbaum', 'dfeldbaum1y@usnews.com', 'F'),
(72, 'Judi', 'Minihane', 'jminihane1z@ft.com', 'F'),
(73, 'Donal', 'Gaine', 'dgaine20@indiegogo.com', 'M'),
(74, 'Culver', 'Speek', 'cspeek21@mlb.com', 'M'),
(75, 'Marylee', 'Daen', 'mdaen22@apple.com', 'F'),
(76, 'Dame', 'Gouldthorp', 'dgouldthorp23@walmart.com', 'M'),
(77, 'Gabriello', 'Gellier', 'ggellier24@china.com.cn', 'M'),
(78, 'Porter', 'Giraudy', 'pgiraudy25@globo.com', 'M'),
(79, 'Wayland', 'Meneux', 'wmeneux26@usgs.gov', 'M'),
(80, 'Miguelita', 'Gillie', 'mgillie27@sakura.ne.jp', 'F'),
(81, 'Trey', 'Roches', 'troches28@weebly.com', 'M'),
(82, 'Neron', 'McCuish', 'nmccuish29@huffingtonpost.com', 'M'),
(83, 'Elnore', 'Kearford', 'ekearford2a@pen.io', 'F'),
(84, 'Richardo', 'Elsbury', 'relsbury2b@hexun.com', 'M'),
(85, 'Sarajane', 'Gartery', 'sgartery2c@woothemes.com', 'F'),
(86, 'Codie', 'Gallatly', 'cgallatly2d@tmall.com', 'F'),
(87, 'Amie', 'Yewdall', 'ayewdall2e@ifeng.com', 'F'),
(88, 'Colly', 'Girard', 'cgirard2f@hatena.ne.jp', 'F'),
(89, 'Ewan', 'Vernalls', 'evernalls2g@cnet.com', 'M'),
(90, 'Alexandra', 'Chatainier', 'achatainier2h@fc2.com', 'F'),
(91, 'Maribeth', 'Elsie', 'melsie2i@hexun.com', 'F'),
(92, 'Sosanna', 'Giacomi', 'sgiacomi2j@bbc.co.uk', 'F'),
(93, 'Alyse', 'Tolson', 'atolson2k@patch.com', 'F'),
(94, 'Hardy', 'Edington', 'hedington2l@linkedin.com', 'M'),
(95, 'Ardyce', 'Callery', 'acallery2m@wp.com', 'F'),
(96, 'Silvan', 'Fronek', 'sfronek2n@bandcamp.com', 'M'),
(97, 'Halley', 'Brigstock', 'hbrigstock2o@elpais.com', 'F'),
(98, 'Garek', 'Faber', 'gfaber2p@cdc.gov', 'M'),
(99, 'Cristine', 'Hartly', 'chartly2q@about.me', 'F'),
(100, 'Mitch', 'Yepiskov', 'myepiskov2r@gizmodo.com', 'M'),
(101, 'Natalina', 'Gullen', 'ngullen2s@altervista.org', 'F'),
(102, 'Etheline', 'Ollerearnshaw', 'eollerearnshaw2t@163.com', 'F'),
(103, 'Sinclair', 'Bielfelt', 'sbielfelt2u@opera.com', 'M'),
(104, 'Reina', 'Snalom', 'rsnalom2v@java.com', 'F'),
(105, 'Ally', 'Jirka', 'ajirka2w@cocolog-nifty.com', 'F'),
(106, 'Tallie', 'Hemphill', 'themphill2x@mit.edu', 'F'),
(107, 'Lefty', 'McPhilip', 'lmcphilip2y@dropbox.com', 'M'),
(108, 'Tadeo', 'Tout', 'ttout2z@un.org', 'M'),
(109, 'Tarrance', 'Willbond', 'twillbond30@netvibes.com', 'M'),
(110, 'Catrina', 'Andreu', 'candreu31@bandcamp.com', 'F'),
(111, 'Shauna', 'Bambrugh', 'sbambrugh32@weebly.com', 'F'),
(112, 'Rheba', 'Remirez', 'rremirez33@bloglines.com', 'F'),
(113, 'Gabriel', 'Linnane', 'glinnane34@fastcompany.com', 'M'),
(114, 'Val', 'Eley', 'veley35@taobao.com', 'M'),
(115, 'Herrick', 'Anglim', 'hanglim36@ihg.com', 'M'),
(116, 'Cass', 'Taverner', 'ctaverner37@msu.edu', 'M'),
(117, 'Elie', 'Clemmensen', 'eclemmensen38@ocn.ne.jp', 'F'),
(118, 'Bev', 'Simoneton', 'bsimoneton39@csmonitor.com', 'M'),
(119, 'Cherri', 'Leyden', 'cleyden3a@posterous.com', 'F'),
(120, 'Simmonds', 'Naisbit', 'snaisbit3b@marriott.com', 'M'),
(121, 'Haily', 'Crafter', 'hcrafter3c@tumblr.com', 'M'),
(122, 'Kai', 'Nasi', 'knasi3d@bbc.co.uk', 'F'),
(123, 'Byrle', 'Labusquiere', 'blabusquiere3e@princeton.edu', 'M'),
(124, 'Alexis', 'Wreakes', 'awreakes3f@mail.ru', 'F'),
(125, 'Hyacinth', 'Ager', 'hager3g@storify.com', 'F'),
(126, 'Charmane', 'Saur', 'csaur3h@woothemes.com', 'F'),
(127, 'Bendick', 'Daftor', 'bdaftor3i@thetimes.co.uk', 'M'),
(128, 'Joelly', 'Leathes', 'jleathes3j@squarespace.com', 'F'),
(129, 'Erna', 'Jaffa', 'ejaffa3k@51.la', 'F'),
(130, 'Rebecka', 'Manterfield', 'rmanterfield3l@youtu.be', 'F'),
(131, 'Yvette', 'Crellin', 'ycrellin3m@intel.com', 'F'),
(132, 'Brett', 'Ellerbeck', 'bellerbeck3n@baidu.com', 'F'),
(133, 'Bo', 'Riep', 'briep3o@google.co.uk', 'M'),
(134, 'Zandra', 'Segoe', 'zsegoe3p@usnews.com', 'F'),
(135, 'Theda', 'Marlor', 'tmarlor3q@bluehost.com', 'F'),
(136, 'Brandise', 'De Gregorio', 'bdegregorio3r@virginia.edu', 'F'),
(137, 'Valina', 'Coogan', 'vcoogan3s@behance.net', 'F'),
(138, 'Mindy', 'Densham', 'mdensham3t@flickr.com', 'F'),
(139, 'Elfie', 'Adamsky', 'eadamsky3u@webs.com', 'F'),
(140, 'Julienne', 'Mecco', 'jmecco3v@cbsnews.com', 'F'),
(141, 'Tawnya', 'Sives', 'tsives3w@clickbank.net', 'F'),
(142, 'Georas', 'Sigward', 'gsigward3x@weibo.com', 'M'),
(143, 'Angela', 'Rollinson', 'arollinson3y@hugedomains.com', 'F'),
(144, 'Kamila', 'Gisbye', 'kgisbye3z@wunderground.com', 'F'),
(145, 'Nita', 'Newbigging', 'nnewbigging40@google.nl', 'F'),
(146, 'Skipp', 'Oseland', 'soseland41@uiuc.edu', 'M'),
(147, 'Kerwinn', 'Hentze', 'khentze42@ucla.edu', 'M'),
(148, 'Peter', 'Rouzet', 'prouzet43@people.com.cn', 'M'),
(149, 'Marrissa', 'Stollwerck', 'mstollwerck44@apple.com', 'F'),
(150, 'Eben', 'de la Tremoille', 'edelatremoille45@aboutads.info', 'M'),
(151, 'Carolynn', 'Sisselot', 'csisselot46@multiply.com', 'F'),
(152, 'Marcellina', 'Robken', 'mrobken47@geocities.com', 'F'),
(153, 'Johnette', 'Heigho', 'jheigho48@marketwatch.com', 'F'),
(154, 'Sarge', 'Angrick', 'sangrick49@ezinearticles.com', 'M'),
(155, 'Tarah', 'Handke', 'thandke4a@booking.com', 'F'),
(156, 'Beauregard', 'MacCarter', 'bmaccarter4b@sourceforge.net', 'M'),
(157, 'My', 'Gasnoll', 'mgasnoll4c@mit.edu', 'M'),
(158, 'Faydra', 'Mazzey', 'fmazzey4d@last.fm', 'F'),
(159, 'Tonnie', 'Rebeiro', 'trebeiro4e@smh.com.au', 'M'),
(160, 'Jessamine', 'Semaine', 'jsemaine4f@people.com.cn', 'F'),
(161, 'Keane', 'Bruggeman', 'kbruggeman4g@mac.com', 'M'),
(162, 'Estella', 'Weathers', 'eweathers4h@oakley.com', 'F'),
(163, 'Wallis', 'Toman', 'wtoman4i@nih.gov', 'F'),
(164, 'Gherardo', 'Culpan', 'gculpan4j@cnet.com', 'M'),
(165, 'Alessandro', 'Pearne', 'apearne4k@stanford.edu', 'M'),
(166, 'Bobbye', 'Nassey', 'bnassey4l@clickbank.net', 'F'),
(167, 'Edmon', 'Filipczak', 'efilipczak4m@cnn.com', 'M'),
(168, 'Jo-anne', 'MacGuiness', 'jmacguiness4n@goo.gl', 'F'),
(169, 'Alli', 'Reame', 'areame4o@youku.com', 'F'),
(170, 'Morlee', 'Casaletto', 'mcasaletto4p@si.edu', 'M'),
(171, 'Luz', 'Seiller', 'lseiller4q@ca.gov', 'F'),
(172, 'Gwendolyn', 'Gartsyde', 'ggartsyde4r@webmd.com', 'F'),
(173, 'Marji', 'Payne', 'mpayne4s@github.com', 'F'),
(174, 'Jessamyn', 'Dearnaly', 'jdearnaly4t@zimbio.com', 'F'),
(175, 'Kaleena', 'Hatje', 'khatje4u@google.ru', 'F'),
(176, 'Chrisse', 'Mennithorp', 'cmennithorp4v@cafepress.com', 'M'),
(177, 'Karen', 'Morlon', 'kmorlon4w@ebay.com', 'F'),
(178, 'Archibaldo', 'Pinel', 'apinel4x@e-recht24.de', 'M'),
(179, 'Mattie', 'Knotton', 'mknotton4y@twitter.com', 'M'),
(180, 'Mervin', 'Schole', 'mschole4z@biglobe.ne.jp', 'M'),
(181, 'Chalmers', 'Calway', 'ccalway50@parallels.com', 'M'),
(182, 'Margalo', 'Waren', 'mwaren51@nyu.edu', 'F'),
(183, 'Jacobo', 'Menauteau', 'jmenauteau52@seattletimes.com', 'M'),
(184, 'Violet', 'Jorge', 'vjorge53@gravatar.com', 'F'),
(185, 'Lynelle', 'Korba', 'lkorba54@msu.edu', 'F'),
(186, 'Caryn', 'Mawford', 'cmawford55@tmall.com', 'F'),
(187, 'Erhart', 'Ridgwell', 'eridgwell56@artisteer.com', 'M'),
(188, 'Dulcine', 'Vogeler', 'dvogeler57@taobao.com', 'F'),
(189, 'Dwight', 'Levecque', 'dlevecque58@artisteer.com', 'M'),
(190, 'Hayden', 'Taffe', 'htaffe59@tamu.edu', 'M'),
(191, 'Caprice', 'Badrick', 'cbadrick5a@ucoz.com', 'F'),
(192, 'Sheff', 'Wyburn', 'swyburn5b@163.com', 'M'),
(193, 'Damon', 'Harmar', 'dharmar5c@phpbb.com', 'M'),
(194, 'Gene', 'Fortune', 'gfortune5d@webmd.com', 'F'),
(195, 'Sue', 'Delong', 'sdelong5e@telegraph.co.uk', 'F'),
(196, 'Con', 'Braybrookes', 'cbraybrookes5f@cdbaby.com', 'F'),
(197, 'Sinclare', 'Dulany', 'sdulany5g@chicagotribune.com', 'M'),
(198, 'Brigit', 'Tutton', 'btutton5h@constantcontact.com', 'F'),
(199, 'Giraud', 'Persence', 'gpersence5i@dot.gov', 'M'),
(200, 'Leanora', 'Malinson', 'lmalinson5j@angelfire.com', 'F'),
(201, 'Gennifer', 'Le Friec', 'glefriec5k@godaddy.com', 'F'),
(202, 'Yul', 'Adel', 'yadel5l@facebook.com', 'M'),
(203, 'Reese', 'Margett', 'rmargett5m@github.com', 'M'),
(204, 'Adella', 'Saintsbury', 'asaintsbury5n@ftc.gov', 'F'),
(205, 'Corty', 'Probets', 'cprobets5o@jugem.jp', 'M'),
(206, 'Arturo', 'Chree', 'achree5p@wired.com', 'M'),
(207, 'Donny', 'Richardes', 'drichardes5q@whitehouse.gov', 'M'),
(208, 'Gregorius', 'Ingall', 'gingall5r@51.la', 'M'),
(209, 'James', 'Betke', 'jbetke5s@answers.com', 'M'),
(210, 'Dody', 'Philott', 'dphilott5t@hp.com', 'F'),
(211, 'Sky', 'Whellans', 'swhellans5u@google.com.au', 'M'),
(212, 'Olivie', 'Warrener', 'owarrener5v@businessweek.com', 'F'),
(213, 'Hamil', 'Tremonte', 'htremonte5w@gravatar.com', 'M'),
(214, 'Alasteir', 'Demougeot', 'ademougeot5x@t-online.de', 'M'),
(215, 'Ravid', 'Girvan', 'rgirvan5y@angelfire.com', 'M'),
(216, 'Clarke', 'Pittaway', 'cpittaway5z@topsy.com', 'M'),
(217, 'Odille', 'Langtry', 'olangtry60@bigcartel.com', 'F'),
(218, 'Oran', 'Garmanson', 'ogarmanson61@timesonline.co.uk', 'M'),
(219, 'Winn', 'Burgon', 'wburgon62@newsvine.com', 'M'),
(220, 'Isaak', 'Paynter', 'ipaynter63@bluehost.com', 'M'),
(221, 'Mikey', 'Mathevon', 'mmathevon64@narod.ru', 'M'),
(222, 'Jenica', 'Laviste', 'jlaviste65@japanpost.jp', 'F'),
(223, 'Marguerite', 'Esche', 'mesche66@xrea.com', 'F'),
(224, 'Zebulon', 'Joll', 'zjoll67@paypal.com', 'M'),
(225, 'Mathe', 'Dy', 'mdy68@gmpg.org', 'M'),
(226, 'Farley', 'Scopham', 'fscopham69@com.com', 'M'),
(227, 'Vonny', 'Hegarty', 'vhegarty6a@zdnet.com', 'F'),
(228, 'Wilmette', 'Prydie', 'wprydie6b@usnews.com', 'F'),
(229, 'Edmund', 'Jaulmes', 'ejaulmes6c@furl.net', 'M'),
(230, 'Marilin', 'Jessup', 'mjessup6d@cam.ac.uk', 'F'),
(231, 'Sherie', 'Cowdray', 'scowdray6e@hostgator.com', 'F'),
(232, 'Jeromy', 'Haughey', 'jhaughey6f@netvibes.com', 'M'),
(233, 'Billie', 'Flay', 'bflay6g@nba.com', 'M'),
(234, 'Jens', 'Marriott', 'jmarriott6h@tiny.cc', 'M'),
(235, 'Yorker', 'Easter', 'yeaster6i@sitemeter.com', 'M'),
(236, 'Tate', 'Gosby', 'tgosby6j@nationalgeographic.com', 'M'),
(237, 'Sibby', 'Piniur', 'spiniur6k@disqus.com', 'F'),
(238, 'Derby', 'Fawltey', 'dfawltey6l@techcrunch.com', 'M'),
(239, 'Kalvin', 'Bonhan', 'kbonhan6m@tumblr.com', 'M'),
(240, 'Ricard', 'Hendin', 'rhendin6n@twitpic.com', 'M'),
(241, 'Velma', 'Motte', 'vmotte6o@github.io', 'F'),
(242, 'Grenville', 'Siberry', 'gsiberry6p@squidoo.com', 'M'),
(243, 'Udale', 'Still', 'ustill6q@pagesperso-orange.fr', 'M'),
(244, 'Valdemar', 'Eudall', 'veudall6r@yelp.com', 'M'),
(245, 'Merrile', 'Arran', 'marran6s@gmpg.org', 'F'),
(246, 'Crystie', 'Marr', 'cmarr6t@cam.ac.uk', 'F'),
(247, 'Claus', 'Christofor', 'cchristofor6u@cornell.edu', 'M'),
(248, 'Monah', 'Routham', 'mroutham6v@reverbnation.com', 'F'),
(249, 'Emmott', 'Paxeford', 'epaxeford6w@etsy.com', 'M'),
(250, 'Bev', 'Bullene', 'bbullene6x@oaic.gov.au', 'F'),
(251, 'Rich', 'McClintock', 'rmcclintock6y@ft.com', 'M'),
(252, 'Ely', 'Alberti', 'ealberti6z@freewebs.com', 'M'),
(253, 'Lucine', 'Grumley', 'lgrumley70@freewebs.com', 'F'),
(254, 'Sawyer', 'Belshaw', 'sbelshaw71@usgs.gov', 'M'),
(255, 'Hildagarde', 'Prosch', 'hprosch72@desdev.cn', 'F'),
(256, 'Miranda', 'Francais', 'mfrancais73@gov.uk', 'F'),
(257, 'Shayla', 'Rous', 'srous74@acquirethisname.com', 'F'),
(258, 'Angy', 'Ferris', 'aferris75@prweb.com', 'F'),
(259, 'Marieann', 'Kwietak', 'mkwietak76@vinaora.com', 'F'),
(260, 'Beulah', 'Sarney', 'bsarney77@who.int', 'F'),
(261, 'Dylan', 'Boylan', 'dboylan78@xinhuanet.com', 'M'),
(262, 'Jared', 'Troth', 'jtroth79@zimbio.com', 'M'),
(263, 'Leonanie', 'Yandle', 'lyandle7a@shop-pro.jp', 'F'),
(264, 'Charisse', 'Adrain', 'cadrain7b@kickstarter.com', 'F'),
(265, 'Yorke', 'Adamik', 'yadamik7c@surveymonkey.com', 'M'),
(266, 'Armin', 'Rimbault', 'arimbault7d@netvibes.com', 'M'),
(267, 'Steward', 'Lachaize', 'slachaize7e@smh.com.au', 'M'),
(268, 'Reynard', 'Monketon', 'rmonketon7f@wisc.edu', 'M'),
(269, 'Viva', 'Wigin', 'vwigin7g@independent.co.uk', 'F'),
(270, 'Reine', 'Kinnie', 'rkinnie7h@desdev.cn', 'F'),
(271, 'Jessa', 'Giraths', 'jgiraths7i@digg.com', 'F'),
(272, 'Brannon', 'Florentine', 'bflorentine7j@cyberchimps.com', 'M'),
(273, 'Dolores', 'Stienton', 'dstienton7k@nasa.gov', 'F'),
(274, 'Obediah', 'Kayley', 'okayley7l@quantcast.com', 'M'),
(275, 'Sholom', 'Baudone', 'sbaudone7m@deliciousdays.com', 'M'),
(276, 'Terry', 'Burland', 'tburland7n@hubpages.com', 'M'),
(277, 'Charisse', 'Roscamp', 'croscamp7o@wordpress.com', 'F'),
(278, 'Rolf', 'Borthe', 'rborthe7p@sphinn.com', 'M'),
(279, 'Dierdre', 'Banfield', 'dbanfield7q@salon.com', 'F'),
(280, 'Pepi', 'Mussalli', 'pmussalli7r@wired.com', 'F'),
(281, 'Red', 'Carter', 'rcarter7s@slate.com', 'M'),
(282, 'Aaron', 'Smurfitt', 'asmurfitt7t@kickstarter.com', 'M'),
(283, 'Terrie', 'Colson', 'tcolson7u@weibo.com', 'F'),
(284, 'Maurice', 'Treher', 'mtreher7v@simplemachines.org', 'M'),
(285, 'Westley', 'Cowthart', 'wcowthart7w@google.co.uk', 'M'),
(286, 'Marcelline', 'Kelston', 'mkelston7x@discuz.net', 'F'),
(287, 'Isaak', 'Pavlovsky', 'ipavlovsky7y@senate.gov', 'M'),
(288, 'Willard', 'Lammertz', 'wlammertz7z@blogger.com', 'M'),
(289, 'Candie', 'O\' Clovan', 'coclovan80@hatena.ne.jp', 'F'),
(290, 'Margaux', 'Kubatsch', 'mkubatsch81@ehow.com', 'F'),
(291, 'Janette', 'Graham', 'jgraham82@privacy.gov.au', 'F'),
(292, 'Gianina', 'Groll', 'ggroll83@multiply.com', 'F'),
(293, 'Grover', 'Pickless', 'gpickless84@ifeng.com', 'M'),
(294, 'Calv', 'Oliphant', 'coliphant85@forbes.com', 'M'),
(295, 'Donelle', 'Aguilar', 'daguilar86@epa.gov', 'F'),
(296, 'Arlinda', 'Chadwen', 'achadwen87@mapy.cz', 'F'),
(297, 'Tobias', 'Maccrie', 'tmaccrie88@mediafire.com', 'M'),
(298, 'Guglielma', 'Giacomini', 'ggiacomini89@admin.ch', 'F'),
(299, 'Kermie', 'Polfer', 'kpolfer8a@vkontakte.ru', 'M'),
(300, 'Murdoch', 'Wynter', 'mwynter8b@pagesperso-orange.fr', 'M'),
(301, 'Tommie', 'Conradsen', 'tconradsen8c@usa.gov', 'F'),
(302, 'Marchelle', 'Moscon', 'mmoscon8d@sbwire.com', 'F'),
(303, 'Kane', 'Schuchmacher', 'kschuchmacher8e@xing.com', 'M'),
(304, 'Debera', 'MacTrustey', 'dmactrustey8f@unicef.org', 'F'),
(305, 'Carlo', 'Sodory', 'csodory8g@instagram.com', 'M'),
(306, 'Rafe', 'Seak', 'rseak8h@blog.com', 'M'),
(307, 'Godfrey', 'Westerman', 'gwesterman8i@reddit.com', 'M'),
(308, 'Chase', 'Boneham', 'cboneham8j@miibeian.gov.cn', 'M'),
(309, 'Mireille', 'Gawne', 'mgawne8k@e-recht24.de', 'F'),
(310, 'Merl', 'Oxteby', 'moxteby8l@epa.gov', 'F'),
(311, 'Stillman', 'Isakovitch', 'sisakovitch8m@engadget.com', 'M'),
(312, 'Daven', 'Hansel', 'dhansel8n@netscape.com', 'M'),
(313, 'Courtnay', 'Robertelli', 'crobertelli8o@unc.edu', 'M'),
(314, 'Tabatha', 'McKearnen', 'tmckearnen8p@stumbleupon.com', 'F'),
(315, 'Layne', 'Vigors', 'lvigors8q@adobe.com', 'F'),
(316, 'Calypso', 'Blunkett', 'cblunkett8r@gizmodo.com', 'F'),
(317, 'Jacobo', 'Jurn', 'jjurn8s@epa.gov', 'M'),
(318, 'Sterne', 'Bowart', 'sbowart8t@gmpg.org', 'M'),
(319, 'Bronnie', 'Costan', 'bcostan8u@cbc.ca', 'M'),
(320, 'Barbabas', 'Hyndson', 'bhyndson8v@sina.com.cn', 'M'),
(321, 'Thadeus', 'Arrighini', 'tarrighini8w@123-reg.co.uk', 'M'),
(322, 'Ellie', 'Giametti', 'egiametti8x@princeton.edu', 'F'),
(323, 'Alice', 'Brockwell', 'abrockwell8y@tripadvisor.com', 'F'),
(324, 'Javier', 'Willbond', 'jwillbond8z@sohu.com', 'M'),
(325, 'Arnie', 'Robshaw', 'arobshaw90@pen.io', 'M'),
(326, 'Ashla', 'Carlyle', 'acarlyle91@sciencedirect.com', 'F'),
(327, 'Binky', 'Echallier', 'bechallier92@youtube.com', 'M'),
(328, 'Gray', 'Lunnon', 'glunnon93@patch.com', 'M'),
(329, 'Wanda', 'Chopy', 'wchopy94@free.fr', 'F'),
(330, 'Kincaid', 'Brockman', 'kbrockman95@ning.com', 'M'),
(331, 'Lezley', 'Huntriss', 'lhuntriss96@google.es', 'M'),
(332, 'Danny', 'Carcass', 'dcarcass97@printfriendly.com', 'M'),
(333, 'Brook', 'Rudolfer', 'brudolfer98@pcworld.com', 'M'),
(334, 'Janos', 'Dulanty', 'jdulanty99@nsw.gov.au', 'M'),
(335, 'Whitby', 'Borrott', 'wborrott9a@imgur.com', 'M'),
(336, 'Cherey', 'Bullivent', 'cbullivent9b@gnu.org', 'F'),
(337, 'Phillis', 'Gorce', 'pgorce9c@ftc.gov', 'F'),
(338, 'Sayre', 'Tollett', 'stollett9d@php.net', 'M'),
(339, 'Gerard', 'McInnery', 'gmcinnery9e@uol.com.br', 'M'),
(340, 'Ives', 'Goodger', 'igoodger9f@google.cn', 'M'),
(341, 'Starlin', 'Hurley', 'shurley9g@liveinternet.ru', 'F'),
(342, 'Stillmann', 'Garlicke', 'sgarlicke9h@so-net.ne.jp', 'M'),
(343, 'Karyl', 'O\'Loinn', 'koloinn9i@ycombinator.com', 'F'),
(344, 'Natka', 'Kinnock', 'nkinnock9j@google.co.uk', 'F'),
(345, 'Tabor', 'Broscombe', 'tbroscombe9k@privacy.gov.au', 'M'),
(346, 'Sandro', 'Lamblot', 'slamblot9l@netlog.com', 'M'),
(347, 'Troy', 'Bier', 'tbier9m@sohu.com', 'M'),
(348, 'Linn', 'Dipple', 'ldipple9n@usnews.com', 'M'),
(349, 'Bernette', 'Malden', 'bmalden9o@utexas.edu', 'F'),
(350, 'Joaquin', 'Adriaens', 'jadriaens9p@samsung.com', 'M'),
(351, 'Ezequiel', 'Bernhardt', 'ebernhardt9q@privacy.gov.au', 'M'),
(352, 'Rafa', 'Tatam', 'rtatam9r@ocn.ne.jp', 'F'),
(353, 'Marissa', 'McPhelimey', 'mmcphelimey9s@amazon.com', 'F'),
(354, 'Maxy', 'Dunster', 'mdunster9t@ycombinator.com', 'F'),
(355, 'Burch', 'Lebarree', 'blebarree9u@sourceforge.net', 'M'),
(356, 'Aleen', 'Gronow', 'agronow9v@a8.net', 'F'),
(357, 'Law', 'Hiscocks', 'lhiscocks9w@php.net', 'M'),
(358, 'Hobart', 'Huggett', 'hhuggett9x@goodreads.com', 'M'),
(359, 'Vannie', 'Rounsefull', 'vrounsefull9y@quantcast.com', 'F'),
(360, 'Doralynne', 'O\'Nolan', 'donolan9z@gnu.org', 'F'),
(361, 'Anders', 'McNeilly', 'amcneillya0@ezinearticles.com', 'M'),
(362, 'Morgen', 'Blincoe', 'mblincoea1@amazon.de', 'M'),
(363, 'Scotty', 'Mohamed', 'smohameda2@hibu.com', 'M'),
(364, 'Domenico', 'Doogood', 'ddoogooda3@about.com', 'M'),
(365, 'Nata', 'Humfrey', 'nhumfreya4@tiny.cc', 'F'),
(366, 'Thorsten', 'Redan', 'tredana5@ebay.com', 'M'),
(367, 'Reid', 'Bleas', 'rbleasa6@example.com', 'M'),
(368, 'Grethel', 'Hugenin', 'ghugenina7@mashable.com', 'F'),
(369, 'Kirby', 'Gyurko', 'kgyurkoa8@livejournal.com', 'M'),
(370, 'Cortney', 'McPhail', 'cmcphaila9@linkedin.com', 'F'),
(371, 'Shandy', 'Crumpe', 'scrumpeaa@addthis.com', 'F'),
(372, 'Sig', 'Spittles', 'sspittlesab@prlog.org', 'M'),
(373, 'Diena', 'Whaymand', 'dwhaymandac@utexas.edu', 'F'),
(374, 'Alfi', 'Hatton', 'ahattonad@posterous.com', 'F'),
(375, 'Adrienne', 'Ibbetson', 'aibbetsonae@amazon.co.uk', 'F'),
(376, 'Thorsten', 'Gadeaux', 'tgadeauxaf@comsenz.com', 'M'),
(377, 'Scott', 'Dorricott', 'sdorricottag@google.es', 'M'),
(378, 'Adam', 'Ghiroldi', 'aghiroldiah@latimes.com', 'M'),
(379, 'Nomi', 'Kall', 'nkallai@forbes.com', 'F'),
(380, 'Victor', 'Magee', 'vmageeaj@statcounter.com', 'M'),
(381, 'Birch', 'Martt', 'bmarttak@vkontakte.ru', 'M'),
(382, 'Collie', 'Grinnov', 'cgrinnoval@marketwatch.com', 'F'),
(383, 'Elke', 'Wherrit', 'ewherritam@flickr.com', 'F'),
(384, 'Diarmid', 'Bernardoni', 'dbernardonian@state.tx.us', 'M'),
(385, 'Mirelle', 'Parradine', 'mparradineao@intel.com', 'F'),
(386, 'Hamish', 'Dewdeny', 'hdewdenyap@lycos.com', 'M'),
(387, 'Rhonda', 'Couthard', 'rcouthardaq@wikispaces.com', 'F'),
(388, 'Kelby', 'Telfer', 'ktelferar@biblegateway.com', 'M'),
(389, 'Kata', 'Lalonde', 'klalondeas@wisc.edu', 'F'),
(390, 'Dion', 'Gregine', 'dgregineat@chron.com', 'F'),
(391, 'Kev', 'Dugget', 'kduggetau@wikia.com', 'M'),
(392, 'Bliss', 'Quickenden', 'bquickendenav@tmall.com', 'F'),
(393, 'Latashia', 'Hughes', 'lhughesaw@discuz.net', 'F'),
(394, 'Annelise', 'Schimon', 'aschimonax@stumbleupon.com', 'F'),
(395, 'Obed', 'Hazzard', 'ohazzarday@telegraph.co.uk', 'M'),
(396, 'Beitris', 'Machent', 'bmachentaz@weibo.com', 'F'),
(397, 'Rodrique', 'Welbrock', 'rwelbrockb0@upenn.edu', 'M'),
(398, 'Kathryn', 'Weller', 'kwellerb1@nsw.gov.au', 'F'),
(399, 'Rose', 'Tolworthie', 'rtolworthieb2@vistaprint.com', 'F'),
(400, 'Jermayne', 'Meletti', 'jmelettib3@mac.com', 'M'),
(401, 'Alf', 'Beecheno', 'abeechenob4@cbsnews.com', 'M'),
(402, 'Norrie', 'Vousden', 'nvousdenb5@blogs.com', 'F'),
(403, 'Gray', 'Cadle', 'gcadleb6@blog.com', 'F'),
(404, 'Jo-anne', 'Twatt', 'jtwattb7@aol.com', 'F'),
(405, 'Alyssa', 'Blaylock', 'ablaylockb8@netvibes.com', 'F'),
(406, 'Max', 'Outram', 'moutramb9@newyorker.com', 'M'),
(407, 'Justinian', 'Dowall', 'jdowallba@diigo.com', 'M'),
(408, 'Trevor', 'Fyall', 'tfyallbb@mysql.com', 'M'),
(409, 'Roth', 'Shenton', 'rshentonbc@soup.io', 'M'),
(410, 'Rubi', 'Ringwood', 'rringwoodbd@va.gov', 'F'),
(411, 'Noellyn', 'Popov', 'npopovbe@cam.ac.uk', 'F'),
(412, 'Gipsy', 'Plank', 'gplankbf@cornell.edu', 'F'),
(413, 'Faustine', 'Folks', 'ffolksbg@earthlink.net', 'F'),
(414, 'Daisy', 'McInnerny', 'dmcinnernybh@go.com', 'F'),
(415, 'Garner', 'Stonhouse', 'gstonhousebi@unc.edu', 'M'),
(416, 'Madison', 'Gilmartin', 'mgilmartinbj@jimdo.com', 'M'),
(417, 'Neysa', 'Turmell', 'nturmellbk@live.com', 'F'),
(418, 'Allayne', 'Vollam', 'avollambl@house.gov', 'M'),
(419, 'Xenia', 'Marrow', 'xmarrowbm@usa.gov', 'F'),
(420, 'Domeniga', 'Stanlake', 'dstanlakebn@youtu.be', 'F'),
(421, 'Ricki', 'Culp', 'rculpbo@spiegel.de', 'F'),
(422, 'Rafe', 'Farmer', 'rfarmerbp@cornell.edu', 'M'),
(423, 'Nolan', 'Hearsum', 'nhearsumbq@samsung.com', 'M'),
(424, 'Tyrone', 'Youdell', 'tyoudellbr@smugmug.com', 'M'),
(425, 'Adriena', 'Blogg', 'abloggbs@stanford.edu', 'F'),
(426, 'Benny', 'Parvin', 'bparvinbt@wisc.edu', 'M'),
(427, 'Vachel', 'Klement', 'vklementbu@about.me', 'M'),
(428, 'Dex', 'Braniff', 'dbraniffbv@marriott.com', 'M'),
(429, 'Corissa', 'Lias', 'cliasbw@freewebs.com', 'F'),
(430, 'Janeczka', 'Kas', 'jkasbx@alexa.com', 'F'),
(431, 'Tallou', 'Osban', 'tosbanby@com.com', 'F'),
(432, 'Waneta', 'Traves', 'wtravesbz@disqus.com', 'F'),
(433, 'Eugene', 'Crichten', 'ecrichtenc0@spiegel.de', 'M'),
(434, 'Nomi', 'Yeldon', 'nyeldonc1@gov.uk', 'F'),
(435, 'Carlee', 'Utteridge', 'cutteridgec2@drupal.org', 'F'),
(436, 'Emlen', 'Wasteney', 'ewasteneyc3@51.la', 'M'),
(437, 'Celestyna', 'Corteney', 'ccorteneyc4@vimeo.com', 'F'),
(438, 'Gar', 'Chat', 'gchatc5@is.gd', 'M'),
(439, 'Glen', 'Cayle', 'gcaylec6@tinypic.com', 'F'),
(440, 'Niki', 'Fingleton', 'nfingletonc7@senate.gov', 'M'),
(441, 'Donavon', 'Corderoy', 'dcorderoyc8@cafepress.com', 'M'),
(442, 'Earvin', 'Colleford', 'ecollefordc9@washington.edu', 'M'),
(443, 'Roarke', 'Aughton', 'raughtonca@wired.com', 'M'),
(444, 'Lammond', 'Kittoe', 'lkittoecb@google.it', 'M'),
(445, 'Olenka', 'Darrel', 'odarrelcc@adobe.com', 'F'),
(446, 'Lynelle', 'Pritchard', 'lpritchardcd@reddit.com', 'F'),
(447, 'Bentlee', 'Landeaux', 'blandeauxce@cargocollective.com', 'M'),
(448, 'Rene', 'Clail', 'rclailcf@usatoday.com', 'M'),
(449, 'Shelley', 'Borland', 'sborlandcg@businessweek.com', 'M'),
(450, 'Collen', 'Freckelton', 'cfreckeltonch@tiny.cc', 'F'),
(451, 'Blanche', 'Baxstar', 'bbaxstarci@java.com', 'F'),
(452, 'Maurie', 'Vain', 'mvaincj@bandcamp.com', 'M'),
(453, 'Antonius', 'Tasch', 'ataschck@diigo.com', 'M'),
(454, 'Esther', 'Dunsire', 'edunsirecl@rakuten.co.jp', 'F'),
(455, 'Tasha', 'Norree', 'tnorreecm@etsy.com', 'F'),
(456, 'Teressa', 'Dallemore', 'tdallemorecn@state.gov', 'F'),
(457, 'Fallon', 'Meletti', 'fmelettico@ning.com', 'F'),
(458, 'Oneida', 'Gheeorghie', 'ogheeorghiecp@sogou.com', 'F'),
(459, 'Rick', 'Streetley', 'rstreetleycq@ask.com', 'M'),
(460, 'Kimberlee', 'Umney', 'kumneycr@pcworld.com', 'F'),
(461, 'Molli', 'Jantzen', 'mjantzencs@topsy.com', 'F'),
(462, 'Vere', 'Kedge', 'vkedgect@apache.org', 'F'),
(463, 'Linnet', 'Rickerd', 'lrickerdcu@parallels.com', 'F'),
(464, 'Alexis', 'Fellon', 'afelloncv@jugem.jp', 'M'),
(465, 'Tomkin', 'Yitzhok', 'tyitzhokcw@yale.edu', 'M'),
(466, 'Emilee', 'Walsham', 'ewalshamcx@php.net', 'F'),
(467, 'Reid', 'Storrar', 'rstorrarcy@jigsy.com', 'M'),
(468, 'Catlin', 'Ninnoli', 'cninnolicz@omniture.com', 'F'),
(469, 'Garey', 'Mulliss', 'gmullissd0@cam.ac.uk', 'M'),
(470, 'Rab', 'Tours', 'rtoursd1@arizona.edu', 'M'),
(471, 'Asher', 'Worlidge', 'aworlidged2@arstechnica.com', 'M'),
(472, 'Karissa', 'Clues', 'kcluesd3@chron.com', 'F'),
(473, 'Kilian', 'Ziems', 'kziemsd4@skype.com', 'M'),
(474, 'Nari', 'Mallon', 'nmallond5@admin.ch', 'F'),
(475, 'Georgy', 'Bernardet', 'gbernardetd6@slideshare.net', 'M'),
(476, 'Sanders', 'Mullis', 'smullisd7@theatlantic.com', 'M'),
(477, 'Ambrosius', 'McLukie', 'amclukied8@deviantart.com', 'M'),
(478, 'Meghan', 'Wardell', 'mwardelld9@weebly.com', 'F'),
(479, 'Berri', 'Obeney', 'bobeneyda@lycos.com', 'F'),
(480, 'Sutton', 'Jermin', 'sjermindb@ebay.com', 'M'),
(481, 'Chad', 'Fogel', 'cfogeldc@nsw.gov.au', 'M'),
(482, 'Carce', 'Senner', 'csennerdd@chicagotribune.com', 'M'),
(483, 'Deva', 'Seely', 'dseelyde@fema.gov', 'F'),
(484, 'Bernette', 'Swinn', 'bswinndf@arizona.edu', 'F'),
(485, 'Arlina', 'Lovering', 'aloveringdg@opensource.org', 'F'),
(486, 'Annmarie', 'Ciccetti', 'aciccettidh@amazon.co.uk', 'F'),
(487, 'Lamond', 'Mealham', 'lmealhamdi@indiatimes.com', 'M'),
(488, 'Zorina', 'Rumke', 'zrumkedj@baidu.com', 'F'),
(489, 'Pembroke', 'McGregor', 'pmcgregordk@utexas.edu', 'M'),
(490, 'Harlen', 'Brookbank', 'hbrookbankdl@whitehouse.gov', 'M'),
(491, 'Willabella', 'Morsley', 'wmorsleydm@mayoclinic.com', 'F'),
(492, 'Umeko', 'Merdew', 'umerdewdn@sina.com.cn', 'F'),
(493, 'Faythe', 'Presho', 'fpreshodo@stumbleupon.com', 'F'),
(494, 'Aundrea', 'Gethen', 'agethendp@imdb.com', 'F'),
(495, 'Giana', 'Trevallion', 'gtrevalliondq@ocn.ne.jp', 'F'),
(496, 'Care', 'Eleshenar', 'celeshenardr@mozilla.org', 'M'),
(497, 'Carilyn', 'Langabeer', 'clangabeerds@cafepress.com', 'F'),
(498, 'Winnie', 'Greenstreet', 'wgreenstreetdt@discovery.com', 'M'),
(499, 'Josiah', 'Mcettrick', 'jmcettrickdu@marriott.com', 'M'),
(500, 'Sheryl', 'Gatheridge', 'sgatheridgedv@slideshare.net', 'F');

-- --------------------------------------------------------

--
-- Structură tabel pentru tabel `orders`
--

CREATE TABLE `orders` (
  `id` int(255) NOT NULL,
  `id_customer` int(255) NOT NULL,
  `date_order` timestamp NOT NULL DEFAULT CURRENT_TIMESTAMP,
  `status` int(1) NOT NULL
) ENGINE=InnoDB DEFAULT CHARSET=utf8;

--
-- Eliminarea datelor din tabel `orders`
--

INSERT INTO `orders` (`id`, `id_customer`, `date_order`, `status`) VALUES
(1, 183, '2018-10-07 23:49:00', 1),
(3, 160, '2017-10-13 17:33:37', 0),
(4, 256, '2017-12-30 04:41:46', 0),
(5, 130, '2018-05-15 06:42:32', 1),
(6, 320, '2017-05-23 03:42:36', 1),
(7, 280, '2017-05-03 19:05:06', 0),
(8, 371, '2018-09-13 01:19:33', 1),
(9, 424, '2017-12-06 13:21:15', 1),
(10, 269, '2016-04-19 13:53:50', 1),
(11, 293, '2017-09-12 21:19:29', 1),
(12, 369, '2016-11-07 15:31:04', 0),
(13, 277, '2017-03-31 14:10:24', 0),
(14, 112, '2016-08-28 16:54:46', 1),
(15, 487, '2017-11-18 01:11:05', 0),
(16, 128, '2018-07-28 22:40:03', 1),
(17, 179, '2017-07-31 10:00:30', 1),
(18, 239, '2018-01-15 15:34:48', 0),
(19, 471, '2017-12-29 05:47:13', 0),
(20, 421, '2017-10-24 03:52:52', 1),
(21, 91, '2018-04-04 14:06:50', 1),
(22, 472, '2017-05-15 06:14:07', 0),
(23, 44, '2018-07-29 23:16:17', 1),
(24, 441, '2018-08-22 02:34:13', 0),
(25, 323, '2017-11-09 20:15:47', 0),
(26, 216, '2016-06-09 21:20:12', 0),
(27, 418, '2016-04-11 23:13:09', 1),
(28, 499, '2017-01-08 10:52:50', 1),
(29, 129, '2016-10-31 04:34:36', 1),
(30, 317, '2017-05-22 07:21:41', 0),
(31, 149, '2017-09-30 21:39:12', 0),
(32, 253, '2016-01-06 21:40:43', 0),
(33, 150, '2017-12-26 04:43:58', 1),
(34, 16, '2018-05-16 07:48:56', 0),
(35, 92, '2016-06-07 07:08:12', 1),
(38, 380, '2017-01-19 01:50:35', 1),
(39, 453, '2017-03-16 15:39:03', 0),
(40, 445, '2017-06-12 19:27:45', 1),
(41, 121, '2016-11-02 20:46:32', 1),
(42, 87, '2017-06-09 11:55:16', 0),
(43, 316, '2016-06-13 14:39:30', 1),
(44, 170, '2018-02-21 09:10:21', 1),
(45, 441, '2018-08-21 16:26:50', 0),
(46, 479, '2016-10-10 06:37:01', 0),
(47, 257, '2016-07-05 20:17:12', 1),
(48, 242, '2018-02-23 05:28:08', 0),
(49, 158, '2016-06-29 13:30:43', 0),
(50, 213, '2018-05-23 15:33:06', 1),
(51, 110, '2016-02-19 20:47:09', 1),
(52, 16, '2016-12-28 09:49:16', 1),
(53, 236, '2017-05-01 21:12:35', 1),
(54, 36, '2016-04-13 07:20:25', 0),
(55, 460, '2016-12-13 09:15:52', 1),
(56, 297, '2016-01-11 15:58:46', 0),
(57, 362, '2017-04-16 09:52:04', 1),
(58, 398, '2018-03-30 01:11:39', 0),
(59, 409, '2018-10-21 22:40:35', 1),
(60, 70, '2017-12-26 12:36:42', 1),
(61, 374, '2017-12-07 07:51:49', 0),
(62, 235, '2017-09-12 16:30:40', 1),
(63, 24, '2017-02-23 21:26:35', 0),
(64, 489, '2017-09-13 21:21:51', 1),
(65, 151, '2017-01-31 23:59:54', 0),
(66, 484, '2017-12-08 20:17:07', 0),
(67, 210, '2018-05-21 00:57:02', 0),
(68, 392, '2016-11-17 13:36:05', 0),
(69, 409, '2018-10-22 17:30:00', 1),
(70, 449, '2016-04-24 14:47:48', 1),
(71, 211, '2016-04-23 05:26:00', 0),
(72, 415, '2018-08-03 01:38:44', 1),
(73, 462, '2017-06-20 05:48:44', 0),
(74, 190, '2017-10-29 19:33:50', 1),
(75, 452, '2017-02-25 22:12:33', 1),
(76, 237, '2016-11-23 19:12:17', 1),
(77, 461, '2017-12-23 17:35:15', 0),
(78, 409, '2018-10-01 08:34:00', 1),
(79, 253, '2017-09-29 05:47:30', 1),
(80, 353, '2018-04-16 18:44:54', 1),
(81, 151, '2016-02-28 04:11:06', 0),
(82, 98, '2018-08-23 13:08:30', 0),
(83, 45, '2017-05-19 08:56:53', 1),
(84, 358, '2018-10-17 21:25:56', 1),
(85, 234, '2018-07-24 20:15:32', 0),
(86, 328, '2018-05-06 10:59:07', 1),
(87, 217, '2017-09-30 05:31:25', 1),
(88, 203, '2017-08-11 22:58:59', 0),
(89, 149, '2018-03-26 07:31:28', 0),
(90, 424, '2018-03-13 22:24:46', 1),
(91, 209, '2016-01-26 20:36:50', 1),
(92, 14, '2016-03-29 07:20:11', 1),
(93, 299, '2018-10-10 11:51:29', 1),
(94, 208, '2018-08-17 14:48:27', 1),
(95, 234, '2017-12-01 05:18:15', 0),
(96, 498, '2017-04-11 06:05:46', 1),
(98, 120, '2017-01-18 17:43:11', 0),
(99, 50, '2018-10-11 10:54:23', 0),
(100, 441, '2018-01-04 22:29:36', 1),
(103, 329, '2018-08-14 06:42:46', 1),
(104, 33, '2017-03-13 17:20:37', 0),
(105, 485, '2018-02-20 04:15:15', 0),
(106, 476, '2018-10-10 11:14:19', 1),
(107, 94, '2016-04-28 07:33:35', 1),
(108, 404, '2017-09-08 17:08:18', 1),
(109, 227, '2016-02-23 19:23:49', 0),
(110, 82, '2016-12-08 05:46:09', 0),
(111, 188, '2016-05-09 22:07:51', 0),
(112, 26, '2016-02-06 03:25:22', 1),
(113, 412, '2016-04-28 17:09:34', 0),
(114, 358, '2018-08-21 05:56:25', 0),
(115, 384, '2017-10-17 14:40:47', 1),
(117, 12, '2018-07-17 17:17:41', 0),
(119, 169, '2018-04-16 00:47:33', 1),
(120, 435, '2017-07-19 00:06:17', 0),
(121, 310, '2018-02-08 19:20:42', 1),
(122, 150, '2018-04-18 23:17:10', 1),
(123, 257, '2018-10-09 17:11:08', 0),
(124, 391, '2018-02-05 14:49:20', 1),
(125, 131, '2018-08-02 23:20:57', 0),
(126, 330, '2018-04-01 20:56:23', 0),
(127, 470, '2017-02-11 00:11:22', 1),
(128, 396, '2017-09-20 11:06:08', 1),
(129, 212, '2017-05-09 13:00:34', 1),
(130, 430, '2017-12-05 11:38:20', 1),
(131, 489, '2017-07-18 01:23:40', 1),
(132, 449, '2016-10-27 13:22:08', 0),
(133, 306, '2016-07-30 13:04:06', 0),
(134, 20, '2018-10-31 10:52:56', 0),
(135, 161, '2018-09-11 09:22:53', 1),
(136, 26, '2018-03-21 03:40:51', 1),
(137, 351, '2018-07-19 08:59:05', 1),
(138, 208, '2017-06-29 01:02:10', 0),
(139, 392, '2017-05-23 23:30:25', 0),
(140, 198, '2016-09-24 17:20:50', 1),
(141, 97, '2017-11-14 22:39:47', 1),
(142, 357, '2018-02-12 16:40:19', 0),
(143, 238, '2016-06-25 13:39:20', 0),
(144, 176, '2018-09-10 20:26:16', 1),
(145, 199, '2016-07-29 22:13:52', 0),
(146, 393, '2016-08-05 13:56:39', 1),
(147, 358, '2018-02-03 11:00:20', 1),
(148, 200, '2017-02-14 11:58:43', 0),
(149, 19, '2017-10-05 17:34:43', 1),
(150, 316, '2016-03-20 07:14:11', 0),
(151, 86, '2017-11-26 08:49:41', 1),
(152, 149, '2017-04-29 07:58:58', 0),
(153, 136, '2017-10-24 08:36:47', 1),
(154, 39, '2016-05-10 15:29:59', 0),
(155, 432, '2016-05-14 21:31:09', 0),
(156, 413, '2017-04-22 22:04:32', 1),
(157, 160, '2017-07-05 09:51:16', 0),
(158, 337, '2017-12-23 15:36:00', 0),
(159, 489, '2018-02-06 22:42:30', 1),
(160, 328, '2018-05-20 05:42:43', 1),
(161, 123, '2018-03-20 11:17:01', 0),
(162, 368, '2018-06-20 06:49:43', 0),
(163, 47, '2016-01-31 19:15:40', 1),
(164, 473, '2018-10-19 00:10:29', 0),
(165, 76, '2016-11-26 06:04:22', 0),
(166, 174, '2017-04-07 01:00:48', 0),
(167, 106, '2017-09-15 15:06:41', 0),
(168, 142, '2018-10-17 20:01:39', 0),
(169, 361, '2018-04-09 10:49:19', 1),
(170, 34, '2017-10-02 05:02:18', 1),
(171, 247, '2017-10-18 05:45:16', 1),
(172, 341, '2018-07-22 09:43:17', 0),
(173, 246, '2016-07-15 11:18:51', 1),
(174, 387, '2017-01-01 16:17:03', 1),
(175, 6, '2016-04-22 02:14:12', 0),
(176, 362, '2016-03-15 05:16:39', 1),
(177, 368, '2017-01-09 02:56:37', 1),
(178, 369, '2016-08-20 20:33:14', 0),
(179, 62, '2017-02-18 15:06:22', 1),
(180, 446, '2017-08-09 18:14:04', 1),
(181, 68, '2018-09-10 21:54:47', 0),
(182, 419, '2018-10-31 20:37:40', 1),
(183, 81, '2017-07-18 18:48:53', 1),
(184, 241, '2016-06-03 13:47:04', 0),
(185, 405, '2016-01-10 00:00:10', 1),
(186, 390, '2018-06-23 17:42:33', 0),
(187, 452, '2017-09-06 22:39:37', 1),
(188, 75, '2016-09-06 02:24:49', 1),
(189, 409, '2018-09-24 13:01:10', 0),
(190, 26, '2016-07-07 12:19:26', 0),
(191, 136, '2016-10-30 12:16:58', 1),
(192, 322, '2016-05-08 06:30:23', 0),
(193, 272, '2017-07-14 03:38:03', 1),
(194, 430, '2017-12-15 01:06:38', 0),
(195, 272, '2017-09-08 09:50:12', 0),
(196, 208, '2016-05-06 02:02:07', 0),
(197, 27, '2018-06-18 21:02:09', 1),
(198, 140, '2017-09-19 17:21:18', 0),
(199, 149, '2016-12-01 13:48:44', 1),
(200, 56, '2016-03-10 20:40:19', 0),
(201, 54, '2018-09-20 21:12:16', 1),
(202, 479, '2017-03-04 23:42:26', 1),
(203, 148, '2016-07-13 05:40:03', 1),
(204, 351, '2017-09-07 04:16:54', 0),
(205, 380, '2017-11-07 20:11:08', 1),
(206, 415, '2017-07-28 17:47:59', 0),
(207, 351, '2016-03-20 23:08:11', 1),
(208, 63, '2017-10-12 17:34:22', 1),
(209, 53, '2016-02-09 13:10:07', 1),
(210, 315, '2016-07-25 04:19:51', 0),
(211, 115, '2017-06-23 07:51:16', 0),
(212, 62, '2016-02-05 07:46:56', 0),
(213, 217, '2018-06-20 10:00:25', 0),
(214, 313, '2017-08-31 20:49:10', 0),
(215, 482, '2017-05-02 22:38:21', 1),
(216, 402, '2017-12-11 08:14:23', 1),
(217, 392, '2017-04-14 14:40:55', 0),
(218, 310, '2017-06-10 06:31:10', 0),
(219, 393, '2017-07-16 17:55:48', 1),
(220, 275, '2016-11-11 06:01:57', 1),
(221, 260, '2017-06-08 09:34:54', 0),
(222, 464, '2017-03-11 23:45:25', 1),
(223, 164, '2018-01-03 05:48:30', 0),
(224, 487, '2017-07-20 18:58:53', 1),
(225, 4, '2016-12-19 20:28:59', 1),
(226, 131, '2016-05-18 22:35:06', 1),
(227, 209, '2016-11-18 13:24:53', 0),
(228, 155, '2016-02-05 11:47:40', 1),
(229, 78, '2017-06-11 06:46:50', 1),
(230, 313, '2017-02-19 12:10:28', 1),
(231, 108, '2016-06-08 22:41:24', 0),
(232, 76, '2016-08-21 00:15:30', 1),
(233, 192, '2017-12-17 23:25:03', 0),
(234, 292, '2018-06-08 14:37:18', 0),
(235, 116, '2018-06-01 15:04:07', 1),
(236, 309, '2017-11-22 12:53:49', 0),
(237, 68, '2017-04-04 02:04:05', 0),
(238, 183, '2016-06-09 11:40:52', 1),
(239, 54, '2016-11-25 08:33:33', 1),
(240, 314, '2017-06-19 20:07:43', 1),
(242, 389, '2016-07-16 11:19:09', 0),
(243, 46, '2017-06-10 10:37:26', 1),
(244, 413, '2016-05-13 13:19:24', 1),
(245, 117, '2018-07-24 09:05:13', 0),
(246, 49, '2016-01-12 06:21:43', 0),
(247, 343, '2016-08-07 21:46:55', 1),
(248, 304, '2016-01-25 23:29:48', 1),
(249, 469, '2016-06-24 03:33:41', 0),
(250, 351, '2016-11-13 09:34:15', 0),
(251, 103, '2016-07-08 13:11:05', 1),
(252, 393, '2018-01-22 13:49:57', 0),
(253, 158, '2017-06-06 22:07:29', 0),
(254, 436, '2016-11-05 19:04:05', 1),
(255, 404, '2016-08-21 18:15:44', 0),
(256, 290, '2017-12-18 05:07:12', 1),
(257, 138, '2018-07-13 06:44:55', 1),
(258, 394, '2016-11-27 16:43:40', 0),
(259, 160, '2016-02-27 20:16:16', 0),
(260, 372, '2018-10-13 08:48:48', 1),
(261, 206, '2017-11-11 11:52:17', 0),
(262, 404, '2016-06-16 10:07:57', 0),
(263, 295, '2017-09-09 01:37:39', 1),
(264, 344, '2018-06-19 02:20:34', 0),
(265, 226, '2016-12-16 20:04:55', 0),
(266, 48, '2017-01-29 21:40:07', 0),
(267, 462, '2016-08-11 04:49:32', 0),
(268, 447, '2018-06-12 07:39:14', 1),
(269, 262, '2018-08-22 05:56:20', 0),
(270, 397, '2017-12-15 05:50:36', 0),
(271, 460, '2016-03-17 06:23:09', 1),
(272, 198, '2018-01-23 18:13:40', 0),
(273, 272, '2017-06-25 00:52:37', 1),
(274, 402, '2017-12-22 04:55:37', 1),
(275, 260, '2017-05-09 18:06:25', 1),
(276, 36, '2017-03-26 07:06:53', 1),
(277, 268, '2016-02-17 01:56:30', 0),
(279, 429, '2016-10-31 14:56:29', 1),
(280, 412, '2016-09-25 08:10:16', 0),
(281, 344, '2016-06-04 22:35:37', 0),
(282, 498, '2016-03-29 23:09:59', 1),
(283, 272, '2018-10-18 01:53:39', 1),
(284, 233, '2017-07-09 10:41:06', 1),
(285, 362, '2017-08-24 06:14:42', 0),
(286, 118, '2017-01-20 07:05:17', 1),
(287, 100, '2016-04-07 14:38:08', 0),
(288, 21, '2018-01-30 04:58:01', 1),
(289, 240, '2016-10-02 18:24:46', 0),
(290, 201, '2016-05-04 17:25:56', 1),
(291, 255, '2017-01-23 08:15:51', 0),
(292, 132, '2017-11-25 07:31:30', 1),
(293, 431, '2017-04-08 16:46:27', 0),
(294, 45, '2017-03-16 07:42:19', 1),
(295, 305, '2018-07-19 09:37:25', 1),
(296, 481, '2017-12-24 22:42:23', 0),
(297, 452, '2017-07-11 07:01:28', 0),
(298, 417, '2016-09-17 07:42:09', 1),
(299, 480, '2017-10-24 02:52:05', 1),
(300, 418, '2016-06-25 10:18:39', 1),
(301, 9, '2018-03-22 04:47:50', 0),
(302, 311, '2017-05-07 07:16:15', 0),
(303, 149, '2017-12-06 15:37:24', 0),
(304, 196, '2018-06-13 04:44:05', 0),
(305, 1, '2017-03-11 11:54:09', 0),
(306, 136, '2017-03-07 10:33:05', 1),
(307, 277, '2017-10-15 16:37:00', 1),
(308, 304, '2017-01-22 00:12:18', 1),
(309, 302, '2016-05-11 12:09:41', 0),
(310, 92, '2016-07-10 07:33:23', 1),
(311, 270, '2016-03-05 06:47:45', 1),
(312, 310, '2017-08-25 23:40:25', 1),
(313, 40, '2016-04-04 01:30:40', 1),
(314, 215, '2016-06-19 00:43:54', 0),
(315, 155, '2017-10-16 21:52:17', 1),
(316, 394, '2018-07-05 22:23:48', 1),
(317, 109, '2016-05-14 09:14:06', 0),
(318, 4, '2018-09-06 18:44:24', 0),
(319, 321, '2018-03-29 16:33:18', 1),
(320, 162, '2016-11-05 15:05:39', 1),
(321, 165, '2016-10-12 01:06:11', 0),
(322, 41, '2016-08-20 15:41:33', 1),
(323, 35, '2018-03-08 13:41:30', 1),
(324, 221, '2016-01-07 01:57:44', 0),
(325, 164, '2017-11-11 12:29:52', 0),
(326, 147, '2017-08-23 17:45:25', 0),
(327, 359, '2018-06-16 14:39:47', 1),
(328, 148, '2018-09-23 15:10:24', 1),
(329, 418, '2016-04-17 12:42:17', 0),
(330, 267, '2017-05-22 12:29:36', 0),
(331, 396, '2016-01-23 23:38:29', 1),
(332, 5, '2017-04-06 14:29:05', 0),
(333, 263, '2017-02-23 14:08:10', 1),
(334, 369, '2017-04-25 14:56:07', 0),
(335, 364, '2016-05-26 15:53:01', 0),
(336, 57, '2017-12-11 12:54:28', 1),
(337, 185, '2017-03-08 08:03:23', 0),
(338, 195, '2016-11-08 14:29:07', 1),
(339, 449, '2017-07-24 22:08:24', 1),
(341, 344, '2018-06-02 22:32:58', 1),
(342, 183, '2018-10-31 05:02:27', 1),
(343, 472, '2017-05-20 03:01:43', 1),
(344, 180, '2018-03-19 23:22:22', 0),
(345, 406, '2016-09-04 05:09:24', 0),
(346, 435, '2017-09-20 07:02:04', 1),
(348, 102, '2016-04-24 21:32:08', 0),
(349, 52, '2018-08-03 05:40:00', 1),
(350, 154, '2016-11-19 17:52:03', 1),
(351, 292, '2016-03-11 03:33:09', 1),
(352, 99, '2016-12-25 21:47:34', 0),
(353, 284, '2017-02-14 11:45:18', 1),
(354, 153, '2016-04-01 06:05:52', 0),
(355, 318, '2018-09-22 14:56:30', 0),
(356, 248, '2018-01-12 16:27:59', 0),
(357, 301, '2018-05-02 11:59:46', 0),
(358, 311, '2017-01-10 10:24:58', 1),
(359, 386, '2017-10-15 04:00:18', 0),
(360, 213, '2017-05-30 19:14:19', 0),
(362, 284, '2018-10-01 20:22:50', 1),
(363, 407, '2016-01-04 18:10:19', 0),
(364, 165, '2016-08-26 07:32:41', 1),
(365, 141, '2016-08-12 14:14:01', 0),
(366, 285, '2018-02-21 02:44:34', 0),
(367, 410, '2016-04-02 16:16:11', 0),
(368, 396, '2017-09-20 15:43:25', 1),
(370, 113, '2016-07-20 02:34:16', 1),
(371, 347, '2018-10-23 00:21:12', 1),
(372, 93, '2018-02-08 01:17:19', 1),
(373, 294, '2017-11-12 13:58:12', 1),
(374, 468, '2017-03-06 00:52:46', 0),
(375, 287, '2017-05-01 12:34:56', 1),
(376, 178, '2017-08-20 13:57:39', 0),
(377, 71, '2018-07-23 02:59:44', 0),
(378, 476, '2016-02-15 04:11:50', 1),
(379, 429, '2018-03-23 11:23:47', 1),
(380, 2, '2017-08-20 06:59:22', 1),
(381, 333, '2016-08-09 00:02:59', 1),
(382, 292, '2016-11-11 18:26:09', 0),
(383, 210, '2017-01-19 07:03:55', 1),
(384, 151, '2016-09-05 10:48:44', 1),
(385, 56, '2018-04-13 00:38:01', 1),
(386, 200, '2016-08-21 20:46:19', 1),
(387, 235, '2017-11-02 19:34:12', 1),
(388, 107, '2017-06-22 01:44:54', 1),
(389, 322, '2018-01-09 21:24:27', 1),
(390, 113, '2016-01-13 09:46:37', 0),
(391, 148, '2016-12-11 09:01:08', 1),
(392, 356, '2016-08-24 11:41:57', 0),
(393, 56, '2017-09-21 05:23:05', 0),
(394, 493, '2016-10-29 04:03:29', 1),
(395, 477, '2016-10-07 18:01:53', 0),
(396, 192, '2016-04-05 19:07:33', 0),
(397, 415, '2017-11-10 20:26:07', 0),
(398, 103, '2018-01-11 08:11:52', 1),
(399, 93, '2016-02-01 18:55:41', 0),
(401, 304, '2018-09-28 05:39:19', 1),
(402, 324, '2018-02-21 09:33:41', 1),
(403, 228, '2016-12-10 12:08:34', 1),
(404, 328, '2016-07-06 10:17:07', 0),
(405, 240, '2017-02-01 16:00:26', 0),
(406, 445, '2017-02-08 20:38:35', 0),
(407, 134, '2017-07-27 03:58:25', 1),
(408, 308, '2016-11-13 04:42:24', 0),
(409, 117, '2017-01-19 16:33:58', 1),
(410, 53, '2016-01-29 00:34:26', 1),
(411, 112, '2016-09-11 12:48:43', 1),
(412, 328, '2017-08-22 13:38:19', 0),
(413, 199, '2017-12-19 02:09:37', 0),
(414, 167, '2016-05-02 12:49:59', 0),
(415, 470, '2017-12-23 09:09:27', 0),
(416, 49, '2017-06-12 11:49:07', 1),
(417, 414, '2017-07-20 03:22:29', 0),
(418, 354, '2016-03-26 06:59:42', 1),
(419, 146, '2016-01-04 19:27:36', 0),
(420, 329, '2017-02-20 17:54:21', 1),
(421, 212, '2017-01-01 04:57:17', 1),
(422, 446, '2016-05-06 05:22:54', 1),
(423, 170, '2016-12-25 15:47:03', 1),
(424, 271, '2016-12-28 14:23:30', 1),
(425, 438, '2018-07-27 10:21:32', 1),
(426, 458, '2018-09-24 23:23:58', 0),
(427, 14, '2016-10-10 09:46:35', 1),
(428, 157, '2017-01-17 06:56:13', 1),
(429, 455, '2016-02-04 00:47:35', 0),
(430, 111, '2017-12-08 11:10:21', 0),
(431, 486, '2016-07-04 05:05:48', 0),
(432, 394, '2017-02-22 11:44:09', 0),
(433, 33, '2017-03-01 08:40:34', 1),
(434, 228, '2016-03-21 21:14:48', 0),
(435, 114, '2018-01-20 09:26:26', 0),
(436, 368, '2017-04-17 03:52:02', 1),
(437, 262, '2017-02-11 20:43:45', 0),
(438, 379, '2016-06-27 11:01:30', 1),
(439, 25, '2017-07-12 15:15:18', 0),
(440, 76, '2017-10-16 08:39:54', 1),
(441, 485, '2016-12-10 19:08:23', 0),
(443, 19, '2018-04-10 08:14:21', 0),
(444, 469, '2016-03-12 21:47:02', 0),
(445, 248, '2017-04-29 16:41:55', 1),
(446, 446, '2016-12-07 06:39:59', 0),
(448, 295, '2017-11-12 06:16:39', 0),
(449, 466, '2018-09-14 13:20:03', 1),
(451, 19, '2018-08-12 05:37:33', 1),
(452, 237, '2017-10-20 00:55:56', 1),
(453, 96, '2017-09-11 12:14:19', 1),
(454, 455, '2017-03-31 18:44:31', 0),
(455, 243, '2017-09-18 03:09:32', 0),
(456, 91, '2016-11-16 06:00:22', 0),
(457, 331, '2017-06-11 03:44:27', 0),
(458, 438, '2017-01-01 14:49:05', 1),
(459, 148, '2018-06-03 23:16:25', 0),
(460, 292, '2017-08-23 13:53:19', 1),
(461, 457, '2017-02-09 08:19:23', 0),
(462, 184, '2017-06-30 07:28:28', 1),
(463, 398, '2016-01-09 10:57:53', 0),
(464, 221, '2016-03-09 07:00:44', 0),
(465, 474, '2018-01-03 16:06:08', 0),
(466, 91, '2016-03-23 14:09:54', 1),
(467, 276, '2017-04-07 14:05:35', 1),
(468, 203, '2016-03-02 20:11:12', 1),
(469, 107, '2018-08-11 11:27:00', 0),
(470, 293, '2017-09-21 12:09:46', 1),
(472, 123, '2016-08-18 15:52:07', 0),
(473, 71, '2018-08-16 05:07:15', 1),
(474, 45, '2018-03-21 18:44:11', 0),
(475, 257, '2018-05-28 17:32:23', 0),
(476, 330, '2017-06-22 16:58:17', 0),
(478, 140, '2016-11-11 01:33:37', 1),
(479, 221, '2016-08-27 14:41:33', 1),
(480, 405, '2016-11-24 02:16:16', 0),
(481, 486, '2017-01-05 07:01:11', 1),
(482, 479, '2016-05-11 07:21:43', 1),
(483, 57, '2018-04-05 10:18:34', 0),
(484, 41, '2017-06-26 01:40:06', 1),
(485, 366, '2016-06-12 19:29:38', 0),
(486, 398, '2017-11-30 07:36:58', 1),
(487, 296, '2018-01-21 05:18:54', 0),
(488, 21, '2016-08-17 06:29:26', 0),
(489, 482, '2016-08-28 18:46:41', 0),
(490, 250, '2018-01-06 12:00:50', 0),
(491, 17, '2016-02-12 21:32:25', 0),
(492, 47, '2018-03-29 13:44:48', 1),
(493, 371, '2016-07-28 07:00:21', 1),
(494, 67, '2018-07-03 18:38:09', 1),
(495, 314, '2018-07-26 12:30:02', 1),
(496, 441, '2017-06-24 23:45:17', 0),
(497, 427, '2018-02-15 08:01:21', 1),
(498, 427, '2016-04-22 09:44:39', 1),
(499, 52, '2017-05-20 21:23:22', 0),
(500, 269, '2018-09-29 15:47:39', 1),
(501, 173, '2018-03-21 10:35:21', 0),
(502, 225, '2016-01-12 21:45:14', 1),
(503, 478, '2018-02-12 18:05:46', 0),
(504, 425, '2016-05-12 03:09:37', 0),
(505, 165, '2018-10-24 15:16:31', 0),
(506, 306, '2018-07-04 21:31:29', 0),
(507, 261, '2018-09-30 16:40:45', 0),
(508, 304, '2017-11-10 10:47:36', 1),
(509, 61, '2018-10-21 01:59:16', 1),
(510, 437, '2018-02-02 03:12:50', 1),
(511, 482, '2017-05-24 13:05:41', 1),
(512, 339, '2016-09-08 19:10:33', 0),
(513, 324, '2018-03-18 08:11:11', 0),
(514, 483, '2016-07-23 09:31:11', 0),
(515, 108, '2016-10-16 03:38:57', 0),
(516, 282, '2017-03-19 15:49:10', 1),
(517, 453, '2016-03-30 05:06:45', 0),
(518, 357, '2018-07-10 02:06:58', 1),
(519, 240, '2017-01-02 14:01:52', 1),
(520, 46, '2018-07-18 01:31:16', 0),
(521, 391, '2018-05-26 04:25:40', 0),
(522, 211, '2018-10-03 06:28:21', 1),
(523, 186, '2016-11-22 11:21:21', 0),
(524, 110, '2018-05-12 14:32:06', 0),
(525, 244, '2018-05-12 19:20:29', 1),
(526, 433, '2018-08-25 11:02:12', 1),
(527, 356, '2017-05-04 03:40:56', 0),
(528, 465, '2017-08-03 21:54:51', 1),
(529, 137, '2016-06-25 09:24:07', 0),
(530, 307, '2018-01-16 15:54:09', 1),
(532, 318, '2016-05-03 14:53:47', 0),
(533, 4, '2016-03-17 08:28:12', 0),
(534, 243, '2016-03-28 21:43:54', 1),
(535, 232, '2016-11-10 21:33:31', 1),
(536, 48, '2017-08-01 01:10:24', 1),
(537, 463, '2017-07-15 12:56:43', 1),
(538, 62, '2016-01-05 06:57:44', 1),
(539, 168, '2018-08-01 16:58:51', 1),
(540, 451, '2018-03-19 00:44:18', 1),
(541, 354, '2017-05-28 06:12:53', 1),
(542, 217, '2016-06-09 19:41:04', 0),
(543, 382, '2017-02-15 16:54:39', 1),
(544, 161, '2016-12-20 09:26:28', 1),
(545, 148, '2017-12-15 14:50:09', 1),
(546, 253, '2018-11-05 20:06:30', 1),
(547, 14, '2018-02-28 16:48:12', 1),
(548, 260, '2016-07-13 00:21:06', 0),
(549, 217, '2017-12-31 03:01:03', 1),
(550, 228, '2018-08-03 11:41:43', 0),
(551, 470, '2018-03-08 03:17:42', 0),
(552, 299, '2016-05-21 19:12:30', 0),
(553, 410, '2017-12-09 15:38:24', 1),
(554, 133, '2016-11-01 19:43:40', 0),
(555, 435, '2017-03-09 06:19:53', 0),
(556, 449, '2017-11-07 09:10:47', 0),
(557, 422, '2017-04-12 00:48:55', 0),
(558, 75, '2016-04-13 03:46:28', 1),
(559, 317, '2017-03-24 00:46:25', 0),
(560, 440, '2017-05-03 04:31:32', 1),
(561, 474, '2016-11-18 03:09:39', 0),
(562, 161, '2017-09-08 17:05:13', 1),
(563, 351, '2016-03-21 08:49:41', 0),
(564, 217, '2017-10-27 21:21:31', 0),
(565, 310, '2017-10-31 01:28:52', 0),
(566, 237, '2018-07-17 12:03:50', 0),
(567, 461, '2016-01-17 21:31:53', 0),
(568, 309, '2016-12-11 06:21:33', 1),
(569, 393, '2017-03-21 08:44:16', 1),
(570, 229, '2018-01-07 21:25:22', 0),
(571, 223, '2017-12-28 21:11:09', 0),
(573, 425, '2018-06-09 13:57:57', 0),
(574, 167, '2017-11-13 13:50:34', 1),
(575, 441, '2016-12-04 07:47:22', 1),
(576, 273, '2016-09-10 04:47:57', 1),
(577, 432, '2018-06-29 20:27:29', 0),
(578, 181, '2016-02-13 01:42:22', 0),
(579, 316, '2018-08-01 20:13:10', 1),
(580, 110, '2018-06-19 05:07:49', 1),
(581, 381, '2016-06-30 10:49:55', 0),
(582, 60, '2018-05-19 07:25:50', 0),
(583, 208, '2016-01-05 23:09:19', 0),
(584, 135, '2018-08-23 17:22:15', 1),
(585, 470, '2016-03-16 10:10:28', 1),
(586, 184, '2016-04-16 08:38:53', 0),
(587, 239, '2017-01-02 23:58:34', 1),
(588, 176, '2018-09-06 13:15:15', 1),
(589, 268, '2016-03-04 10:56:37', 0),
(590, 326, '2016-08-06 21:47:01', 0),
(591, 223, '2017-01-20 15:43:27', 1),
(592, 425, '2018-02-15 02:50:41', 1),
(593, 33, '2017-06-06 01:52:09', 0),
(594, 374, '2018-02-17 05:38:10', 0),
(595, 404, '2018-01-27 14:31:41', 1),
(596, 162, '2017-11-09 07:32:10', 0),
(597, 205, '2018-05-12 02:50:53', 1),
(598, 372, '2018-02-25 01:21:52', 0),
(599, 446, '2016-04-06 05:00:47', 0),
(600, 352, '2017-06-01 17:34:27', 0);

-- --------------------------------------------------------

--
-- Structură tabel pentru tabel `orders_products`
--

CREATE TABLE `orders_products` (
  `id` int(255) NOT NULL,
  `id_order` int(255) NOT NULL,
  `id_product` int(255) NOT NULL,
  `quantity` int(255) NOT NULL
) ENGINE=InnoDB DEFAULT CHARSET=utf8;

--
-- Eliminarea datelor din tabel `orders_products`
--

INSERT INTO `orders_products` (`id`, `id_order`, `id_product`, `quantity`) VALUES
(1, 111, 38, 2),
(2, 19, 27, 4),
(3, 313, 80, 5),
(4, 13, 96, 2),
(5, 399, 25, 4),
(6, 21, 22, 3),
(7, 479, 7, 5),
(8, 558, 48, 2),
(9, 444, 75, 4),
(10, 545, 43, 4),
(11, 126, 59, 5),
(12, 482, 36, 5),
(13, 436, 83, 5),
(14, 283, 1, 2),
(15, 251, 17, 5),
(16, 332, 98, 2),
(17, 519, 76, 4),
(18, 109, 99, 3),
(19, 351, 5, 2),
(20, 378, 20, 3),
(21, 301, 2, 1),
(22, 95, 5, 1),
(23, 227, 97, 4),
(24, 156, 69, 4),
(25, 256, 9, 1),
(26, 122, 23, 1),
(27, 172, 1, 3),
(28, 585, 53, 5),
(29, 351, 71, 4),
(30, 19, 16, 3),
(31, 312, 70, 3),
(32, 374, 39, 2),
(33, 114, 72, 5),
(34, 339, 54, 5),
(35, 268, 97, 1),
(36, 140, 32, 2),
(37, 114, 26, 4),
(38, 219, 49, 3),
(39, 510, 24, 5),
(40, 258, 94, 4),
(41, 316, 29, 4),
(42, 487, 73, 4),
(43, 561, 66, 3),
(44, 122, 39, 4),
(45, 516, 61, 4),
(46, 248, 27, 1),
(47, 413, 98, 3),
(48, 18, 27, 1),
(49, 212, 13, 5),
(50, 345, 63, 1),
(51, 171, 29, 2),
(52, 100, 56, 5),
(53, 141, 86, 2),
(54, 575, 24, 3),
(55, 527, 46, 2),
(56, 178, 79, 1),
(57, 466, 34, 2),
(58, 508, 61, 3),
(59, 255, 45, 5),
(60, 426, 60, 2),
(61, 432, 17, 5),
(62, 279, 83, 1),
(63, 247, 88, 3),
(64, 537, 1, 2),
(65, 329, 48, 5),
(66, 291, 24, 3),
(67, 87, 85, 1),
(68, 439, 37, 3),
(69, 98, 70, 2),
(70, 105, 93, 5),
(71, 384, 28, 5),
(72, 316, 25, 5),
(73, 362, 81, 4),
(74, 134, 2, 3),
(75, 571, 11, 1),
(76, 152, 23, 3),
(77, 310, 31, 5),
(78, 88, 49, 2),
(79, 567, 42, 4),
(80, 570, 96, 1),
(81, 561, 98, 4),
(82, 9, 98, 2),
(83, 501, 16, 3),
(84, 273, 50, 3),
(85, 217, 15, 1),
(86, 167, 48, 5),
(87, 465, 26, 5),
(88, 60, 76, 5),
(89, 306, 64, 5),
(90, 538, 97, 2),
(91, 481, 39, 2),
(92, 534, 51, 5),
(93, 383, 22, 4),
(94, 270, 63, 4),
(95, 95, 33, 2),
(96, 317, 10, 5),
(97, 187, 55, 1),
(98, 260, 31, 1),
(99, 81, 48, 5),
(100, 330, 23, 4),
(101, 270, 9, 2),
(102, 421, 52, 4),
(103, 121, 5, 1),
(104, 490, 76, 5),
(105, 598, 59, 1),
(106, 541, 25, 5),
(107, 315, 38, 3),
(108, 128, 31, 5),
(109, 136, 85, 1),
(110, 520, 54, 2),
(111, 362, 25, 4),
(112, 280, 38, 1),
(113, 55, 22, 3),
(114, 585, 21, 1),
(115, 221, 21, 1),
(116, 318, 47, 5),
(117, 147, 36, 5),
(118, 469, 80, 2),
(119, 581, 4, 5),
(120, 261, 8, 4),
(121, 9, 23, 3),
(122, 498, 10, 3),
(123, 271, 100, 3),
(124, 446, 33, 2),
(125, 434, 46, 3),
(126, 243, 83, 5),
(127, 566, 86, 1),
(128, 58, 86, 4),
(129, 517, 2, 2),
(130, 228, 8, 4),
(131, 62, 19, 2),
(132, 47, 13, 3),
(133, 126, 22, 1),
(134, 593, 32, 3),
(135, 154, 95, 2),
(136, 176, 27, 2),
(137, 182, 53, 3),
(138, 568, 8, 4),
(139, 505, 93, 5),
(140, 74, 13, 4),
(141, 41, 40, 4),
(142, 154, 29, 3),
(143, 255, 56, 4),
(144, 538, 34, 3),
(145, 408, 26, 2),
(146, 196, 57, 2),
(147, 152, 74, 1),
(148, 591, 43, 2),
(149, 215, 99, 5),
(150, 9, 68, 2),
(151, 210, 65, 3),
(152, 317, 20, 5),
(153, 115, 38, 3),
(154, 495, 62, 4),
(155, 478, 15, 3),
(156, 236, 67, 3),
(157, 47, 93, 4),
(158, 31, 94, 5),
(159, 314, 18, 4),
(160, 439, 13, 3),
(161, 212, 51, 3),
(162, 483, 9, 2),
(163, 201, 77, 2),
(164, 551, 93, 2),
(165, 20, 80, 3),
(166, 162, 85, 2),
(167, 327, 70, 5),
(168, 162, 1, 2),
(169, 184, 45, 2),
(170, 486, 78, 2),
(171, 370, 99, 2),
(172, 171, 48, 5),
(173, 506, 41, 2),
(174, 437, 80, 1),
(175, 363, 42, 3),
(176, 576, 82, 5),
(177, 555, 24, 4),
(178, 523, 13, 3),
(179, 17, 78, 4),
(180, 520, 1, 2),
(181, 524, 13, 1),
(182, 370, 31, 1),
(183, 583, 100, 4),
(184, 374, 37, 3),
(185, 487, 62, 5),
(186, 468, 68, 3),
(187, 100, 41, 1),
(188, 105, 74, 2),
(189, 470, 16, 4),
(190, 398, 53, 4),
(191, 467, 20, 1),
(192, 114, 25, 4),
(193, 490, 73, 1),
(194, 452, 80, 3),
(195, 192, 28, 4),
(196, 364, 41, 5),
(197, 124, 80, 3),
(198, 198, 93, 3),
(199, 419, 20, 4),
(200, 257, 24, 5),
(201, 419, 97, 5),
(202, 550, 9, 4),
(203, 81, 85, 4),
(204, 445, 67, 5),
(205, 1, 18, 1),
(206, 474, 28, 4),
(207, 523, 15, 3),
(208, 346, 84, 2),
(209, 129, 21, 2),
(210, 352, 14, 4),
(211, 281, 22, 4),
(212, 579, 60, 3),
(213, 574, 75, 3),
(214, 247, 29, 3),
(215, 339, 58, 2),
(216, 536, 92, 5),
(217, 90, 70, 5),
(218, 527, 77, 3),
(219, 62, 54, 4),
(220, 594, 71, 2),
(221, 542, 61, 2),
(222, 174, 67, 5),
(223, 563, 58, 3),
(224, 387, 45, 1),
(225, 174, 84, 2),
(226, 428, 69, 3),
(227, 210, 13, 3),
(228, 106, 92, 1),
(229, 363, 21, 5),
(230, 219, 22, 3),
(231, 401, 70, 4),
(232, 469, 37, 1),
(233, 405, 68, 3),
(234, 75, 10, 4),
(235, 310, 38, 4),
(236, 303, 30, 2),
(237, 343, 55, 4),
(238, 187, 94, 1),
(239, 385, 41, 2),
(240, 540, 56, 4),
(241, 529, 45, 2),
(242, 582, 63, 2),
(243, 108, 51, 4),
(244, 96, 18, 4),
(245, 366, 79, 5),
(246, 316, 54, 3),
(247, 548, 19, 4),
(248, 298, 98, 2),
(249, 6, 99, 2),
(250, 555, 83, 3),
(251, 192, 86, 5),
(252, 409, 5, 1),
(253, 537, 96, 1),
(254, 40, 18, 3),
(255, 358, 2, 5),
(256, 505, 76, 4),
(257, 35, 90, 4),
(258, 331, 74, 3),
(259, 538, 59, 4),
(260, 184, 55, 5),
(261, 209, 48, 2),
(262, 488, 3, 4),
(263, 287, 86, 3),
(264, 331, 5, 2),
(265, 218, 53, 4),
(266, 358, 58, 3),
(267, 155, 68, 1),
(268, 367, 93, 5),
(269, 173, 28, 1),
(270, 411, 20, 4),
(271, 238, 40, 4),
(272, 91, 20, 1),
(273, 152, 91, 3),
(274, 234, 67, 3),
(275, 231, 33, 3),
(276, 141, 97, 4),
(277, 319, 72, 5),
(278, 310, 73, 3),
(279, 323, 24, 3),
(280, 297, 27, 1),
(281, 15, 12, 2),
(282, 17, 68, 3),
(283, 270, 54, 1),
(284, 436, 60, 2),
(285, 235, 37, 2),
(286, 399, 88, 1),
(287, 264, 32, 4),
(288, 322, 22, 4),
(289, 12, 48, 3),
(290, 573, 68, 1),
(291, 133, 63, 2),
(292, 335, 84, 5),
(293, 184, 99, 4),
(294, 90, 30, 3),
(295, 95, 10, 5),
(296, 522, 97, 2),
(297, 128, 8, 1),
(298, 348, 59, 3),
(299, 466, 38, 5),
(300, 381, 36, 1),
(301, 439, 94, 3),
(302, 28, 39, 3),
(303, 532, 75, 4),
(304, 398, 39, 5),
(305, 379, 66, 4),
(306, 225, 78, 2),
(307, 191, 16, 5),
(308, 420, 55, 5),
(309, 466, 41, 1),
(310, 183, 31, 5),
(311, 387, 4, 3),
(312, 553, 73, 5),
(313, 34, 80, 2),
(314, 412, 45, 2),
(315, 256, 49, 1),
(316, 209, 100, 4),
(317, 534, 34, 4),
(318, 252, 84, 4),
(319, 485, 4, 1),
(320, 252, 8, 3),
(321, 392, 16, 2),
(322, 536, 31, 4),
(323, 579, 49, 1),
(324, 510, 83, 2),
(325, 405, 11, 1),
(326, 220, 9, 3),
(327, 367, 98, 3),
(328, 40, 71, 2),
(329, 49, 97, 2),
(330, 556, 18, 2),
(331, 148, 49, 1),
(332, 135, 42, 5),
(333, 212, 64, 1),
(334, 272, 71, 4),
(335, 142, 52, 1),
(336, 384, 61, 5),
(337, 449, 13, 5),
(338, 171, 12, 4),
(339, 315, 15, 3),
(340, 448, 82, 2),
(341, 487, 100, 3),
(342, 87, 32, 2),
(343, 59, 2, 3),
(344, 448, 9, 4),
(345, 415, 12, 4),
(346, 324, 95, 2),
(347, 511, 30, 4),
(348, 352, 88, 4),
(349, 581, 17, 5),
(350, 26, 51, 3),
(351, 480, 11, 3),
(352, 486, 97, 1),
(353, 596, 21, 2),
(354, 299, 84, 5),
(355, 550, 43, 2),
(356, 593, 98, 2),
(357, 64, 40, 3),
(358, 315, 6, 5),
(359, 84, 60, 3),
(360, 571, 23, 3),
(361, 266, 53, 4),
(362, 373, 30, 2),
(363, 600, 81, 4),
(364, 260, 39, 3),
(365, 437, 79, 5),
(366, 522, 11, 3),
(367, 212, 9, 4),
(368, 74, 65, 4),
(369, 461, 15, 4),
(370, 212, 9, 2),
(371, 555, 87, 5),
(372, 511, 4, 3),
(373, 568, 43, 2),
(374, 168, 12, 5),
(375, 299, 61, 4),
(376, 328, 54, 1),
(377, 80, 36, 5),
(378, 3, 84, 4),
(379, 314, 71, 4),
(380, 473, 98, 3),
(381, 413, 3, 3),
(382, 505, 77, 5),
(383, 213, 28, 4),
(384, 136, 74, 4),
(385, 346, 45, 4),
(386, 137, 88, 5),
(387, 158, 31, 4),
(388, 289, 64, 4),
(389, 273, 89, 4),
(390, 133, 74, 5),
(391, 103, 51, 2),
(392, 138, 1, 2),
(393, 368, 27, 5),
(394, 264, 4, 3),
(395, 484, 39, 2),
(396, 255, 47, 4),
(397, 64, 34, 1),
(398, 397, 87, 2),
(399, 89, 59, 2),
(400, 527, 23, 2),
(401, 596, 72, 5),
(402, 454, 55, 5),
(403, 117, 40, 1),
(404, 62, 6, 3),
(405, 374, 55, 4),
(406, 240, 92, 2),
(407, 521, 51, 5),
(408, 542, 35, 3),
(409, 587, 49, 3),
(410, 106, 92, 4),
(411, 39, 19, 5),
(412, 440, 62, 3),
(413, 430, 67, 2),
(414, 390, 97, 2),
(415, 481, 94, 3),
(416, 194, 33, 4),
(417, 294, 88, 2),
(418, 16, 17, 4),
(419, 295, 9, 4),
(420, 466, 86, 3),
(421, 282, 72, 2),
(422, 452, 23, 5),
(423, 394, 24, 3),
(424, 260, 85, 4),
(425, 66, 80, 4),
(426, 154, 67, 5),
(427, 316, 25, 1),
(428, 454, 89, 4),
(429, 564, 15, 2),
(430, 581, 26, 2),
(431, 568, 78, 3),
(432, 362, 72, 4),
(433, 172, 53, 1),
(434, 284, 38, 2),
(435, 498, 34, 1),
(436, 487, 53, 4),
(437, 33, 79, 2),
(438, 549, 66, 4),
(439, 415, 91, 5),
(440, 208, 57, 1),
(441, 489, 12, 3),
(442, 169, 2, 3),
(443, 26, 49, 5),
(444, 353, 99, 3),
(445, 544, 48, 2),
(446, 18, 25, 2),
(447, 185, 11, 4),
(448, 422, 89, 3),
(449, 304, 23, 2),
(450, 589, 56, 2),
(451, 107, 73, 3),
(452, 152, 58, 5),
(453, 568, 6, 4),
(454, 405, 48, 2),
(455, 430, 71, 3),
(456, 452, 13, 2),
(457, 475, 84, 1),
(458, 423, 24, 2),
(459, 291, 44, 5),
(460, 24, 82, 5),
(461, 571, 7, 1),
(462, 78, 93, 1),
(463, 184, 53, 3),
(464, 70, 98, 1),
(465, 425, 46, 2),
(466, 529, 21, 4),
(467, 440, 72, 1),
(468, 567, 31, 5),
(469, 300, 78, 3),
(470, 303, 67, 3),
(471, 17, 62, 1),
(472, 431, 64, 1),
(473, 276, 41, 2),
(474, 463, 44, 5),
(475, 411, 93, 5),
(476, 125, 83, 1),
(477, 291, 17, 3),
(478, 271, 34, 5),
(479, 196, 5, 1),
(480, 304, 32, 2),
(481, 384, 80, 5),
(482, 52, 29, 1),
(483, 42, 95, 2),
(484, 279, 46, 3),
(485, 129, 87, 1),
(486, 334, 64, 2),
(487, 290, 38, 5),
(488, 513, 94, 4),
(489, 567, 60, 1),
(490, 143, 33, 4),
(491, 512, 46, 2),
(492, 259, 57, 2),
(493, 110, 16, 4),
(494, 562, 59, 1),
(495, 164, 57, 1),
(496, 559, 13, 3),
(497, 378, 95, 2),
(498, 548, 46, 2),
(499, 92, 42, 4),
(500, 184, 41, 1),
(501, 62, 63, 4),
(502, 144, 88, 4),
(503, 123, 7, 3),
(504, 534, 54, 4),
(505, 90, 1, 2),
(506, 598, 27, 2),
(507, 577, 96, 1),
(508, 332, 68, 2),
(509, 244, 64, 3),
(510, 364, 54, 3),
(511, 336, 27, 3),
(512, 556, 14, 5),
(513, 273, 37, 3),
(514, 27, 70, 5),
(515, 357, 19, 4),
(516, 100, 24, 2),
(517, 59, 33, 4),
(518, 254, 35, 3),
(519, 273, 84, 3),
(520, 232, 9, 3),
(521, 103, 19, 2),
(522, 44, 67, 3),
(523, 237, 79, 2),
(524, 555, 56, 2),
(525, 329, 37, 5),
(526, 66, 35, 4),
(527, 431, 54, 2),
(528, 229, 76, 1),
(529, 287, 19, 3),
(530, 160, 73, 3),
(531, 455, 1, 4),
(532, 539, 85, 4),
(533, 392, 67, 3),
(534, 34, 73, 4),
(535, 383, 5, 4),
(536, 367, 81, 4),
(537, 377, 57, 2),
(538, 326, 86, 5),
(539, 556, 62, 2),
(540, 554, 96, 4),
(541, 32, 84, 1),
(542, 583, 55, 4),
(543, 525, 32, 2),
(544, 149, 63, 5),
(545, 432, 70, 5),
(546, 7, 86, 5),
(547, 323, 15, 1),
(548, 266, 5, 3),
(549, 337, 75, 1),
(550, 397, 41, 5),
(551, 491, 28, 1),
(552, 87, 50, 5),
(553, 354, 4, 2),
(554, 573, 19, 3),
(555, 94, 70, 5),
(556, 502, 34, 1),
(557, 251, 61, 2),
(558, 143, 26, 1),
(559, 243, 88, 4),
(560, 527, 87, 3),
(561, 355, 27, 4),
(562, 410, 26, 5),
(563, 382, 6, 2),
(564, 282, 34, 4),
(565, 518, 32, 2),
(566, 324, 43, 3),
(567, 311, 51, 2),
(568, 501, 62, 1),
(569, 575, 96, 2),
(570, 240, 74, 3),
(571, 256, 95, 3),
(572, 57, 86, 5),
(573, 110, 24, 2),
(574, 63, 35, 3),
(575, 568, 87, 5),
(576, 446, 90, 4),
(577, 227, 11, 5),
(578, 92, 78, 5),
(579, 181, 3, 1),
(580, 508, 8, 1),
(581, 342, 16, 1),
(582, 317, 85, 3),
(583, 414, 28, 4),
(584, 274, 2, 5),
(585, 381, 81, 2),
(586, 542, 40, 1),
(587, 524, 5, 4),
(588, 256, 76, 5),
(589, 272, 32, 2),
(590, 285, 74, 3),
(591, 480, 99, 4),
(592, 14, 61, 4),
(593, 140, 46, 2),
(594, 302, 3, 5),
(595, 204, 97, 2),
(596, 433, 27, 4),
(597, 324, 65, 2),
(598, 592, 71, 2),
(599, 257, 1, 1),
(600, 232, 96, 5),
(601, 51, 44, 2),
(602, 439, 66, 5),
(603, 581, 57, 2),
(604, 203, 50, 3),
(605, 243, 90, 1),
(606, 189, 61, 2),
(607, 185, 12, 5),
(608, 179, 71, 4),
(609, 244, 19, 2),
(610, 398, 36, 2),
(611, 385, 83, 4),
(612, 283, 11, 3),
(613, 292, 94, 4),
(614, 147, 60, 2),
(615, 479, 75, 1),
(616, 323, 47, 5),
(617, 170, 90, 2),
(618, 377, 68, 5),
(619, 170, 68, 5),
(620, 206, 100, 3),
(621, 165, 79, 5),
(622, 500, 87, 5),
(623, 297, 26, 1),
(624, 451, 32, 4),
(625, 433, 61, 1),
(626, 507, 25, 1),
(627, 508, 53, 2),
(628, 561, 4, 1),
(629, 61, 47, 5),
(630, 273, 87, 5),
(631, 458, 73, 3),
(632, 366, 29, 5),
(633, 74, 53, 1),
(634, 512, 51, 4),
(635, 304, 37, 2),
(636, 383, 47, 4),
(637, 318, 71, 4),
(638, 197, 59, 4),
(639, 65, 16, 4),
(640, 59, 95, 2),
(641, 155, 92, 2),
(642, 89, 97, 2),
(643, 85, 63, 5),
(644, 559, 33, 2),
(645, 198, 93, 2),
(646, 541, 88, 2),
(647, 270, 14, 4),
(648, 145, 91, 3),
(649, 333, 13, 1),
(650, 591, 95, 2),
(651, 287, 79, 4),
(652, 206, 45, 2),
(653, 355, 44, 3),
(654, 466, 80, 4),
(655, 18, 6, 5),
(656, 381, 73, 1),
(657, 354, 50, 5),
(658, 15, 99, 3),
(659, 120, 53, 4),
(660, 56, 41, 3),
(661, 449, 45, 5),
(662, 184, 5, 4),
(663, 120, 21, 4),
(664, 297, 4, 3),
(665, 433, 37, 3),
(666, 68, 29, 3),
(667, 338, 80, 2),
(668, 437, 37, 1),
(669, 583, 98, 2),
(670, 335, 32, 4),
(671, 267, 61, 5),
(672, 51, 60, 5),
(673, 73, 88, 5),
(674, 176, 25, 3),
(675, 222, 29, 1),
(676, 202, 32, 5),
(677, 8, 67, 2),
(678, 109, 16, 1),
(679, 322, 11, 1),
(680, 418, 43, 3),
(681, 3, 71, 5),
(682, 516, 74, 3),
(683, 39, 26, 1),
(684, 521, 37, 1),
(685, 50, 78, 3),
(686, 146, 36, 5),
(687, 281, 24, 2),
(688, 61, 70, 2),
(689, 411, 30, 1),
(690, 112, 40, 3),
(691, 192, 41, 3),
(692, 60, 13, 1),
(693, 457, 60, 5),
(694, 415, 53, 1),
(695, 226, 66, 2),
(696, 198, 100, 3),
(697, 446, 56, 5),
(698, 310, 93, 3),
(699, 487, 78, 4),
(700, 139, 8, 2),
(701, 151, 18, 1),
(702, 183, 69, 5),
(703, 61, 63, 4),
(704, 382, 43, 2),
(705, 582, 80, 2),
(706, 182, 37, 2),
(707, 545, 13, 4),
(708, 413, 9, 2),
(709, 468, 73, 4),
(710, 111, 16, 3),
(711, 230, 92, 1),
(712, 234, 87, 5),
(713, 460, 56, 5),
(714, 47, 29, 2),
(715, 497, 38, 2),
(716, 528, 25, 1),
(717, 443, 94, 3),
(718, 168, 30, 5),
(719, 41, 53, 3),
(720, 321, 61, 5),
(721, 376, 69, 4),
(722, 219, 52, 3),
(723, 588, 57, 3),
(724, 304, 46, 4),
(725, 24, 49, 5),
(726, 56, 81, 1),
(727, 422, 38, 3),
(728, 440, 9, 3),
(729, 526, 22, 3),
(730, 291, 40, 4),
(731, 540, 93, 1),
(732, 111, 11, 1),
(733, 600, 93, 4),
(734, 365, 67, 3),
(735, 177, 64, 5),
(736, 587, 37, 1),
(737, 71, 95, 2),
(738, 415, 45, 2),
(739, 589, 74, 5),
(740, 578, 25, 3),
(741, 382, 27, 1),
(742, 394, 76, 5),
(743, 134, 68, 2),
(744, 311, 80, 3),
(745, 506, 90, 2),
(746, 457, 44, 5),
(747, 448, 90, 5),
(748, 330, 85, 3),
(749, 144, 72, 1),
(750, 462, 98, 5),
(751, 427, 14, 5),
(752, 472, 66, 3),
(753, 342, 31, 4),
(754, 251, 95, 2),
(755, 292, 24, 2),
(756, 583, 98, 2),
(757, 149, 67, 1),
(758, 399, 41, 1),
(759, 427, 28, 1),
(760, 387, 69, 3),
(761, 350, 94, 1),
(762, 193, 37, 5),
(763, 419, 84, 5),
(764, 445, 51, 1),
(765, 169, 63, 1),
(766, 511, 18, 1),
(767, 125, 67, 1),
(768, 396, 12, 1),
(769, 274, 86, 3),
(770, 564, 36, 3),
(771, 331, 76, 2),
(772, 290, 7, 2),
(773, 359, 15, 4),
(774, 161, 79, 3),
(775, 590, 5, 5),
(776, 285, 85, 4),
(777, 328, 96, 5),
(778, 23, 33, 5),
(779, 554, 31, 4),
(780, 146, 23, 3),
(781, 4, 96, 1),
(782, 121, 99, 5),
(783, 448, 92, 5),
(784, 180, 41, 2),
(785, 140, 31, 1),
(786, 425, 75, 5),
(787, 569, 29, 2),
(788, 443, 56, 4),
(789, 30, 37, 5),
(790, 379, 72, 3),
(791, 146, 58, 1),
(792, 113, 1, 3),
(793, 126, 77, 4),
(794, 45, 85, 5),
(795, 273, 49, 2),
(796, 224, 47, 3),
(797, 158, 76, 2),
(798, 428, 72, 4),
(799, 344, 33, 1),
(800, 593, 94, 2),
(801, 298, 100, 4),
(802, 506, 83, 1),
(803, 532, 14, 1),
(804, 137, 64, 5),
(805, 538, 4, 5),
(806, 59, 61, 4),
(807, 35, 18, 4),
(808, 533, 87, 2),
(809, 448, 96, 1),
(810, 142, 95, 1),
(811, 579, 95, 5),
(812, 38, 57, 5),
(813, 95, 73, 2),
(814, 516, 11, 4),
(815, 134, 40, 2),
(816, 376, 50, 3),
(817, 493, 74, 1),
(818, 156, 41, 1),
(819, 319, 66, 3),
(820, 151, 62, 3),
(821, 103, 19, 4),
(822, 64, 66, 3),
(823, 285, 19, 5),
(824, 223, 85, 2),
(825, 551, 56, 1),
(826, 223, 9, 2),
(827, 325, 55, 3),
(828, 280, 13, 4),
(829, 53, 87, 2),
(830, 23, 78, 2),
(831, 362, 54, 4),
(832, 261, 58, 4),
(833, 315, 20, 2),
(834, 238, 45, 4),
(835, 309, 1, 2),
(836, 27, 34, 3),
(837, 33, 88, 4),
(838, 311, 56, 4),
(839, 507, 11, 5),
(840, 225, 25, 5),
(841, 129, 13, 5),
(842, 392, 94, 2),
(843, 470, 3, 4),
(844, 181, 97, 3),
(845, 465, 29, 3),
(846, 46, 28, 3),
(847, 9, 34, 1),
(848, 472, 94, 4),
(849, 215, 96, 5),
(850, 123, 72, 2),
(851, 184, 95, 2),
(852, 505, 40, 2),
(853, 320, 32, 1),
(854, 432, 45, 3),
(855, 145, 41, 3),
(856, 575, 51, 1),
(857, 4, 95, 2),
(858, 480, 63, 2),
(859, 72, 85, 3),
(860, 588, 61, 5),
(861, 504, 50, 3),
(862, 514, 11, 3),
(863, 529, 3, 2),
(864, 577, 92, 5),
(865, 137, 84, 5),
(866, 255, 74, 4),
(867, 396, 21, 4),
(868, 542, 85, 2),
(869, 142, 80, 5),
(870, 318, 81, 4),
(871, 571, 8, 2),
(872, 106, 9, 1),
(873, 161, 66, 2),
(874, 545, 33, 3),
(875, 207, 8, 1),
(876, 270, 40, 3),
(877, 76, 59, 2),
(878, 188, 47, 5),
(879, 486, 66, 4),
(880, 383, 52, 5),
(881, 348, 47, 2),
(882, 415, 86, 4),
(883, 283, 35, 3),
(884, 595, 89, 5),
(885, 3, 48, 2),
(886, 171, 48, 5),
(887, 443, 83, 5),
(888, 367, 70, 2),
(889, 403, 52, 5),
(890, 126, 40, 3),
(891, 309, 89, 4),
(892, 251, 87, 3),
(893, 326, 18, 2),
(894, 16, 66, 1),
(895, 88, 33, 2),
(896, 28, 74, 2),
(897, 34, 34, 5),
(898, 65, 100, 5),
(899, 329, 50, 4),
(900, 422, 95, 4),
(901, 549, 10, 1),
(902, 48, 94, 1),
(903, 385, 9, 3),
(904, 23, 92, 2),
(905, 545, 64, 1),
(906, 460, 51, 1),
(907, 82, 44, 1),
(908, 375, 4, 2),
(909, 556, 47, 3),
(910, 19, 5, 1),
(911, 343, 23, 1),
(912, 201, 14, 3),
(913, 434, 73, 4),
(914, 59, 43, 2),
(915, 95, 65, 3),
(916, 528, 55, 2),
(917, 427, 48, 5),
(918, 5, 54, 2),
(919, 382, 43, 3),
(920, 351, 4, 2),
(921, 107, 95, 1),
(922, 414, 11, 4),
(923, 108, 61, 2),
(924, 546, 20, 3),
(925, 266, 91, 3),
(926, 168, 4, 2),
(927, 11, 95, 3),
(928, 261, 30, 1),
(929, 446, 11, 3),
(930, 207, 92, 3),
(931, 294, 8, 3),
(932, 166, 42, 3),
(933, 470, 98, 3),
(934, 63, 58, 4),
(935, 30, 69, 4),
(936, 89, 11, 5),
(937, 578, 61, 1),
(938, 569, 56, 1),
(939, 110, 100, 3),
(940, 391, 7, 1),
(941, 394, 99, 1),
(942, 404, 27, 3),
(943, 511, 44, 4),
(944, 297, 23, 1),
(945, 487, 13, 5),
(946, 424, 15, 2),
(947, 285, 75, 2),
(948, 480, 54, 2),
(949, 334, 62, 3),
(950, 417, 77, 5),
(951, 586, 32, 4),
(952, 16, 8, 4),
(953, 304, 14, 3),
(954, 212, 66, 3),
(955, 307, 68, 2),
(956, 479, 67, 3),
(957, 68, 93, 4),
(958, 320, 91, 1),
(959, 18, 50, 3),
(960, 440, 76, 3),
(961, 377, 43, 5),
(962, 247, 78, 4),
(963, 302, 9, 3),
(964, 253, 90, 3),
(965, 145, 97, 2),
(966, 449, 52, 3),
(967, 564, 87, 4),
(968, 419, 47, 4),
(969, 81, 53, 2),
(970, 134, 80, 1),
(971, 74, 15, 3),
(972, 58, 4, 4),
(973, 552, 25, 1),
(974, 577, 97, 1),
(975, 53, 63, 2),
(976, 569, 3, 5),
(977, 503, 36, 1),
(978, 79, 9, 3),
(979, 328, 2, 4),
(980, 263, 53, 5),
(981, 579, 45, 5),
(982, 506, 31, 3),
(983, 214, 82, 4),
(984, 261, 51, 5),
(985, 55, 91, 3),
(986, 13, 48, 4),
(987, 162, 34, 1),
(988, 377, 21, 5),
(989, 267, 91, 5),
(990, 481, 41, 2),
(991, 220, 67, 3),
(992, 96, 82, 4),
(993, 432, 85, 2),
(994, 587, 62, 4),
(995, 427, 10, 2),
(996, 402, 50, 3),
(997, 90, 80, 1),
(998, 301, 95, 3),
(999, 434, 58, 2),
(1000, 103, 4, 5),
(1001, 459, 76, 5),
(1002, 185, 35, 5),
(1003, 406, 5, 4),
(1004, 196, 28, 1),
(1005, 187, 40, 5),
(1006, 62, 80, 5),
(1007, 456, 56, 5),
(1008, 449, 13, 2),
(1009, 592, 83, 2),
(1010, 427, 86, 3),
(1011, 349, 29, 5),
(1012, 127, 88, 1),
(1013, 336, 32, 3),
(1014, 44, 86, 5),
(1015, 478, 58, 1),
(1016, 14, 62, 2),
(1017, 463, 29, 3),
(1018, 469, 36, 1),
(1019, 18, 60, 5),
(1020, 563, 92, 4),
(1021, 110, 35, 4),
(1022, 313, 99, 2),
(1023, 250, 11, 1),
(1024, 462, 10, 5),
(1025, 466, 1, 5),
(1026, 456, 10, 2),
(1027, 539, 42, 2),
(1028, 387, 30, 2),
(1029, 221, 40, 3),
(1030, 291, 11, 3),
(1031, 287, 80, 2),
(1032, 467, 30, 2),
(1033, 229, 15, 2),
(1034, 500, 81, 1),
(1035, 195, 61, 2),
(1036, 201, 21, 1),
(1037, 138, 23, 4),
(1038, 426, 25, 5),
(1039, 464, 14, 2),
(1040, 403, 95, 2),
(1041, 262, 52, 3),
(1042, 339, 52, 2),
(1043, 147, 20, 5),
(1044, 512, 65, 5),
(1045, 212, 57, 5),
(1046, 346, 28, 1),
(1047, 516, 46, 5),
(1048, 547, 63, 5),
(1049, 112, 87, 4),
(1050, 69, 29, 2),
(1051, 488, 47, 1),
(1052, 516, 21, 5),
(1053, 441, 96, 3),
(1054, 574, 25, 1),
(1055, 343, 26, 1),
(1056, 90, 90, 4),
(1057, 286, 70, 5),
(1058, 286, 53, 1),
(1059, 496, 47, 1),
(1060, 208, 100, 3),
(1061, 311, 2, 5),
(1062, 532, 48, 5),
(1063, 218, 57, 1),
(1064, 191, 37, 3),
(1065, 485, 42, 4),
(1066, 221, 32, 5),
(1067, 92, 74, 4),
(1068, 576, 24, 5),
(1069, 38, 76, 3),
(1070, 418, 43, 3),
(1071, 60, 58, 2),
(1072, 407, 49, 2),
(1073, 506, 26, 2),
(1074, 587, 97, 5),
(1075, 423, 33, 3),
(1076, 212, 85, 1),
(1077, 156, 62, 2),
(1078, 208, 8, 2),
(1079, 460, 95, 1),
(1080, 470, 9, 5),
(1081, 109, 40, 4),
(1082, 464, 33, 3),
(1083, 528, 26, 1),
(1084, 592, 8, 4),
(1085, 176, 16, 4),
(1086, 216, 62, 1),
(1087, 314, 72, 2),
(1088, 86, 94, 4),
(1089, 414, 5, 2),
(1090, 162, 11, 2),
(1091, 233, 3, 4),
(1092, 60, 9, 2),
(1093, 269, 69, 3),
(1094, 367, 31, 3),
(1095, 452, 42, 4),
(1096, 199, 31, 1),
(1097, 329, 88, 1),
(1098, 12, 7, 4),
(1099, 183, 39, 3),
(1100, 175, 49, 1),
(1101, 493, 13, 1),
(1102, 551, 1, 1),
(1103, 485, 6, 4),
(1104, 481, 82, 3),
(1105, 538, 47, 1),
(1106, 517, 20, 1),
(1107, 507, 65, 2),
(1108, 221, 9, 3),
(1109, 434, 66, 5),
(1110, 159, 4, 1),
(1111, 322, 14, 2),
(1112, 265, 20, 5),
(1113, 492, 26, 1),
(1114, 172, 55, 2),
(1115, 542, 64, 5),
(1116, 303, 81, 2),
(1117, 212, 97, 1),
(1118, 414, 76, 4),
(1119, 269, 31, 4),
(1120, 220, 18, 3),
(1121, 473, 76, 2),
(1122, 542, 92, 1),
(1123, 544, 30, 5),
(1124, 174, 45, 5),
(1125, 253, 55, 3),
(1126, 600, 21, 1),
(1127, 446, 66, 5),
(1128, 501, 69, 2),
(1129, 200, 82, 2),
(1130, 461, 85, 1),
(1131, 311, 35, 4),
(1132, 559, 4, 5),
(1133, 172, 46, 2),
(1134, 182, 16, 1),
(1135, 195, 10, 4),
(1136, 395, 68, 3),
(1137, 456, 64, 1),
(1138, 394, 49, 2),
(1139, 292, 42, 1),
(1140, 480, 75, 3),
(1141, 11, 11, 1),
(1142, 139, 45, 5),
(1143, 464, 22, 4),
(1144, 26, 18, 5),
(1145, 63, 73, 3),
(1146, 217, 8, 5),
(1147, 79, 87, 3),
(1148, 63, 8, 4),
(1149, 544, 72, 3),
(1150, 554, 1, 5),
(1151, 204, 71, 3),
(1152, 384, 47, 3),
(1153, 402, 78, 5),
(1154, 162, 20, 4),
(1155, 356, 5, 3),
(1156, 82, 19, 1),
(1157, 564, 20, 3),
(1158, 84, 31, 4),
(1159, 122, 53, 1),
(1160, 499, 19, 1),
(1161, 311, 23, 4),
(1162, 55, 79, 2),
(1163, 254, 96, 3),
(1164, 292, 5, 2),
(1165, 565, 83, 4),
(1166, 188, 65, 3),
(1167, 589, 40, 4),
(1168, 324, 38, 4),
(1169, 396, 62, 1),
(1170, 239, 6, 1),
(1171, 243, 39, 4),
(1172, 265, 27, 3),
(1173, 388, 60, 3),
(1174, 162, 33, 3),
(1175, 380, 53, 1),
(1176, 4, 13, 4),
(1177, 582, 7, 2),
(1178, 88, 22, 4),
(1179, 474, 15, 1),
(1180, 111, 86, 4),
(1181, 510, 12, 1),
(1182, 536, 33, 3),
(1183, 476, 87, 1),
(1184, 198, 43, 1),
(1185, 3, 35, 5),
(1186, 50, 51, 3),
(1187, 312, 56, 2),
(1188, 11, 27, 3),
(1189, 41, 83, 3),
(1190, 136, 1, 3),
(1191, 280, 10, 1),
(1192, 575, 69, 5),
(1193, 225, 40, 4),
(1194, 557, 38, 2),
(1195, 552, 40, 4),
(1196, 246, 65, 2),
(1197, 579, 63, 1),
(1198, 293, 15, 5),
(1199, 273, 38, 4),
(1200, 464, 7, 3),
(1201, 546, 55, 3),
(1202, 204, 64, 3),
(1203, 127, 4, 1),
(1204, 599, 52, 5),
(1205, 596, 62, 4),
(1206, 220, 23, 3),
(1207, 191, 65, 2),
(1208, 309, 66, 2),
(1209, 272, 32, 3),
(1210, 73, 45, 3),
(1211, 384, 51, 2),
(1212, 536, 87, 1),
(1213, 91, 21, 2),
(1214, 22, 86, 5),
(1215, 363, 60, 1),
(1216, 537, 80, 5),
(1217, 480, 74, 3),
(1218, 310, 50, 2),
(1219, 407, 42, 2),
(1220, 376, 55, 5),
(1221, 391, 3, 5),
(1222, 455, 95, 2),
(1223, 256, 12, 2),
(1224, 440, 77, 3),
(1225, 574, 66, 5),
(1226, 497, 100, 2),
(1227, 30, 42, 4),
(1228, 39, 11, 2),
(1229, 582, 61, 2),
(1230, 448, 29, 5),
(1231, 584, 57, 5),
(1232, 475, 10, 1),
(1233, 208, 91, 1),
(1234, 276, 36, 2),
(1235, 558, 67, 3),
(1236, 533, 34, 4),
(1237, 64, 48, 5),
(1238, 38, 69, 5),
(1239, 467, 61, 3),
(1240, 169, 17, 2),
(1241, 259, 13, 1),
(1242, 21, 39, 2),
(1243, 409, 45, 3),
(1244, 355, 50, 5),
(1245, 310, 66, 4),
(1246, 194, 12, 2),
(1247, 374, 82, 2),
(1248, 159, 41, 5),
(1249, 458, 71, 2),
(1250, 598, 29, 1),
(1251, 483, 72, 4),
(1252, 408, 19, 5),
(1253, 51, 48, 5),
(1254, 524, 49, 1),
(1255, 425, 39, 5),
(1256, 106, 91, 1),
(1257, 218, 75, 2),
(1258, 31, 94, 1),
(1259, 569, 49, 1),
(1260, 485, 7, 2),
(1261, 76, 58, 2),
(1262, 535, 22, 1),
(1263, 188, 100, 5),
(1264, 410, 71, 2),
(1265, 133, 67, 2),
(1266, 119, 35, 2),
(1267, 59, 16, 2),
(1268, 27, 81, 1),
(1269, 6, 58, 4),
(1270, 449, 70, 4),
(1271, 585, 88, 5),
(1272, 466, 8, 3),
(1273, 389, 90, 5),
(1274, 159, 57, 2),
(1275, 231, 87, 3),
(1276, 421, 89, 2),
(1277, 433, 17, 1),
(1278, 296, 25, 4),
(1279, 115, 91, 5),
(1280, 283, 10, 2),
(1281, 244, 14, 3),
(1282, 508, 89, 4),
(1283, 138, 100, 5),
(1284, 356, 85, 1),
(1285, 132, 22, 5),
(1286, 529, 72, 4),
(1287, 134, 21, 1),
(1288, 85, 5, 3),
(1289, 178, 22, 2),
(1290, 399, 41, 5),
(1291, 538, 17, 3),
(1292, 528, 95, 5),
(1293, 549, 50, 1),
(1294, 236, 62, 4),
(1295, 222, 32, 2),
(1296, 110, 32, 2),
(1297, 452, 71, 3),
(1298, 168, 6, 4),
(1299, 172, 66, 5),
(1300, 494, 31, 4),
(1301, 518, 26, 4),
(1302, 473, 39, 4),
(1303, 59, 69, 4),
(1304, 71, 62, 5),
(1305, 470, 58, 4),
(1306, 99, 41, 5),
(1307, 235, 99, 1),
(1308, 561, 58, 1),
(1309, 594, 1, 4),
(1310, 275, 91, 4),
(1311, 28, 73, 4),
(1312, 6, 30, 5),
(1313, 541, 37, 1),
(1314, 12, 48, 2),
(1315, 207, 65, 4),
(1316, 454, 54, 4),
(1317, 408, 63, 5),
(1318, 192, 96, 5),
(1319, 402, 30, 2),
(1320, 72, 42, 4),
(1321, 13, 74, 5),
(1322, 251, 73, 2),
(1323, 128, 83, 4),
(1324, 280, 28, 2),
(1325, 501, 67, 1),
(1326, 277, 78, 5),
(1327, 371, 26, 1),
(1328, 17, 40, 4),
(1329, 300, 5, 2),
(1330, 217, 69, 1),
(1331, 393, 68, 4),
(1332, 59, 79, 1),
(1333, 141, 80, 1),
(1334, 162, 29, 3),
(1335, 342, 87, 3),
(1336, 138, 27, 1),
(1337, 310, 68, 5),
(1338, 327, 7, 5),
(1339, 534, 68, 1),
(1340, 264, 87, 2),
(1341, 523, 56, 3),
(1342, 427, 69, 4),
(1343, 129, 77, 4),
(1344, 137, 42, 1),
(1345, 285, 100, 3),
(1346, 89, 58, 5),
(1347, 293, 68, 2),
(1348, 166, 16, 5),
(1349, 218, 82, 5),
(1350, 416, 64, 1),
(1351, 5, 11, 2),
(1352, 515, 8, 2),
(1353, 460, 67, 5),
(1354, 410, 66, 4),
(1355, 441, 78, 1),
(1356, 346, 85, 4),
(1357, 435, 87, 5),
(1358, 60, 24, 2),
(1359, 519, 1, 4),
(1360, 370, 71, 5),
(1361, 130, 97, 5),
(1362, 596, 23, 5),
(1363, 168, 65, 2),
(1364, 586, 57, 1),
(1365, 443, 25, 2),
(1366, 292, 73, 5),
(1367, 316, 39, 4),
(1368, 303, 19, 2),
(1369, 59, 76, 1),
(1370, 80, 60, 1),
(1371, 547, 81, 4),
(1372, 553, 27, 1),
(1373, 192, 74, 5),
(1374, 359, 60, 2),
(1375, 418, 90, 2),
(1376, 142, 40, 1),
(1377, 534, 53, 5),
(1378, 67, 91, 1),
(1379, 11, 100, 2),
(1380, 316, 5, 2),
(1381, 154, 83, 4),
(1382, 225, 96, 2),
(1383, 430, 23, 1),
(1384, 316, 50, 2),
(1385, 222, 73, 2),
(1386, 436, 98, 1),
(1387, 194, 99, 1),
(1388, 305, 67, 3),
(1389, 254, 56, 1),
(1390, 530, 87, 3),
(1391, 521, 58, 3),
(1392, 568, 94, 5),
(1393, 339, 13, 5),
(1394, 253, 45, 5),
(1395, 264, 39, 2),
(1396, 500, 9, 2),
(1397, 121, 2, 4),
(1398, 354, 31, 4),
(1399, 144, 49, 2),
(1400, 106, 93, 2),
(1401, 274, 32, 5),
(1402, 385, 57, 3),
(1403, 16, 74, 4),
(1404, 313, 15, 3),
(1405, 476, 52, 1),
(1406, 283, 58, 4),
(1407, 221, 93, 3),
(1408, 236, 40, 5),
(1409, 139, 41, 4),
(1410, 415, 60, 2),
(1411, 153, 47, 3),
(1412, 4, 89, 4),
(1413, 48, 18, 3),
(1414, 482, 46, 5),
(1415, 411, 15, 4),
(1416, 346, 25, 1),
(1417, 151, 60, 2),
(1418, 508, 40, 1),
(1419, 59, 78, 2),
(1420, 253, 56, 3),
(1421, 301, 96, 1),
(1422, 377, 57, 3),
(1423, 341, 83, 1),
(1424, 103, 52, 2),
(1425, 502, 38, 5),
(1426, 316, 15, 2),
(1427, 318, 25, 4),
(1428, 235, 16, 5),
(1429, 220, 13, 1),
(1430, 135, 44, 2),
(1431, 554, 5, 4),
(1432, 329, 72, 3),
(1433, 495, 14, 4),
(1434, 126, 45, 1),
(1435, 202, 46, 5),
(1436, 308, 11, 5),
(1437, 256, 32, 3),
(1438, 505, 43, 5),
(1439, 80, 48, 2),
(1440, 356, 21, 5),
(1441, 423, 98, 2),
(1442, 527, 12, 2),
(1443, 131, 16, 3),
(1444, 197, 74, 1),
(1445, 190, 91, 3),
(1446, 557, 42, 2),
(1447, 288, 68, 1),
(1448, 367, 90, 4),
(1449, 560, 73, 4),
(1450, 413, 7, 5),
(1451, 39, 87, 5),
(1452, 94, 45, 2),
(1453, 354, 79, 5),
(1454, 75, 4, 2),
(1455, 48, 88, 1),
(1456, 283, 13, 1),
(1457, 585, 31, 4),
(1458, 260, 85, 1),
(1459, 96, 81, 4),
(1460, 338, 95, 3),
(1461, 273, 60, 1),
(1462, 404, 93, 3),
(1463, 128, 96, 3),
(1464, 453, 81, 2),
(1465, 43, 23, 3),
(1466, 389, 77, 2),
(1467, 223, 44, 5),
(1468, 35, 66, 4),
(1469, 313, 7, 2),
(1470, 232, 96, 1),
(1471, 73, 50, 2),
(1472, 465, 44, 4),
(1473, 248, 44, 2),
(1474, 86, 76, 1),
(1475, 119, 99, 3),
(1476, 21, 20, 4),
(1477, 8, 84, 2),
(1478, 12, 66, 5),
(1479, 160, 61, 4),
(1480, 179, 80, 4),
(1481, 491, 31, 4),
(1482, 424, 14, 1),
(1483, 569, 80, 2),
(1484, 76, 36, 2),
(1485, 392, 87, 3),
(1486, 60, 42, 1),
(1487, 186, 41, 3),
(1488, 99, 6, 1),
(1489, 588, 47, 1),
(1490, 121, 78, 2),
(1491, 205, 96, 3),
(1492, 354, 26, 2),
(1493, 188, 74, 5),
(1494, 550, 94, 3),
(1495, 504, 27, 1),
(1496, 149, 21, 1),
(1497, 212, 6, 1),
(1498, 103, 2, 4),
(1499, 376, 14, 2),
(1500, 354, 45, 3),
(1501, 237, 8, 5),
(1502, 478, 69, 1),
(1503, 577, 39, 1),
(1504, 353, 77, 3),
(1505, 217, 17, 5),
(1506, 417, 73, 1),
(1507, 222, 24, 1),
(1508, 62, 96, 1),
(1509, 31, 45, 1),
(1510, 501, 8, 3),
(1511, 344, 46, 3),
(1512, 341, 60, 4),
(1513, 453, 41, 3),
(1514, 69, 74, 1),
(1515, 595, 61, 1),
(1516, 457, 29, 5),
(1517, 341, 29, 1),
(1518, 155, 90, 3),
(1519, 246, 62, 1),
(1520, 70, 29, 1),
(1521, 289, 11, 1),
(1522, 32, 14, 5),
(1523, 275, 25, 5),
(1524, 245, 9, 2),
(1525, 415, 56, 4),
(1526, 438, 33, 2),
(1527, 591, 8, 4),
(1528, 56, 98, 2),
(1529, 406, 73, 1),
(1530, 201, 62, 4),
(1531, 224, 20, 1),
(1532, 12, 67, 2),
(1533, 227, 14, 2),
(1534, 94, 67, 1),
(1535, 163, 63, 2),
(1536, 510, 83, 4),
(1537, 331, 100, 5),
(1538, 501, 80, 2),
(1539, 246, 5, 5),
(1540, 257, 15, 2),
(1541, 145, 75, 2),
(1542, 190, 100, 3),
(1543, 567, 27, 2),
(1544, 389, 95, 1),
(1545, 348, 90, 3),
(1546, 567, 4, 2),
(1547, 231, 77, 3),
(1548, 145, 49, 1),
(1549, 201, 33, 1),
(1550, 587, 74, 1),
(1551, 395, 6, 4),
(1552, 413, 13, 3),
(1553, 207, 63, 5),
(1554, 294, 13, 2),
(1555, 109, 82, 4),
(1556, 540, 7, 2),
(1557, 600, 80, 5),
(1558, 505, 40, 5),
(1559, 386, 64, 5),
(1560, 430, 45, 5),
(1561, 598, 56, 3),
(1562, 129, 69, 2),
(1563, 167, 61, 4),
(1564, 553, 17, 4),
(1565, 140, 11, 2),
(1566, 215, 33, 5),
(1567, 563, 94, 5),
(1568, 328, 27, 5),
(1569, 576, 38, 4),
(1570, 186, 66, 1),
(1571, 33, 29, 2),
(1572, 273, 83, 4),
(1573, 280, 86, 4),
(1574, 263, 95, 1),
(1575, 22, 12, 2),
(1576, 104, 17, 1),
(1577, 122, 65, 2),
(1578, 270, 78, 5),
(1579, 312, 4, 2),
(1580, 405, 78, 5),
(1581, 525, 51, 3),
(1582, 157, 54, 3),
(1583, 44, 81, 5),
(1584, 350, 10, 3),
(1585, 313, 21, 2),
(1586, 405, 80, 4),
(1587, 42, 6, 1),
(1588, 222, 91, 1),
(1589, 269, 5, 3),
(1590, 427, 80, 1),
(1591, 73, 72, 3),
(1592, 201, 59, 4),
(1593, 360, 22, 3),
(1594, 545, 98, 1),
(1595, 56, 89, 3),
(1596, 74, 58, 4),
(1597, 168, 62, 4),
(1598, 213, 6, 2),
(1599, 291, 57, 4),
(1600, 585, 44, 5),
(1601, 22, 20, 1),
(1602, 129, 83, 4),
(1603, 393, 41, 1),
(1604, 202, 47, 5),
(1605, 316, 56, 4),
(1606, 537, 35, 4),
(1607, 570, 24, 2),
(1608, 426, 46, 5),
(1609, 22, 1, 5),
(1610, 597, 82, 4),
(1611, 177, 77, 3),
(1612, 133, 20, 2),
(1613, 429, 5, 1),
(1614, 177, 6, 2),
(1615, 387, 25, 5),
(1616, 160, 61, 5),
(1617, 368, 78, 4),
(1618, 3, 58, 4),
(1619, 510, 17, 1),
(1620, 7, 26, 3),
(1621, 315, 28, 1),
(1622, 373, 9, 2),
(1623, 586, 98, 4),
(1624, 149, 23, 1),
(1625, 245, 92, 3),
(1626, 323, 14, 3),
(1627, 141, 84, 1),
(1628, 554, 38, 1),
(1629, 392, 2, 5),
(1630, 145, 69, 2),
(1631, 579, 75, 3),
(1632, 348, 60, 5),
(1633, 467, 56, 3),
(1634, 578, 90, 3),
(1635, 26, 42, 2),
(1636, 233, 38, 2),
(1637, 202, 76, 1),
(1638, 565, 72, 1),
(1639, 156, 31, 5),
(1640, 407, 64, 1),
(1641, 596, 68, 2),
(1642, 93, 50, 1),
(1643, 503, 20, 2),
(1644, 532, 22, 3),
(1645, 387, 97, 1),
(1646, 421, 66, 5),
(1647, 167, 40, 1),
(1648, 528, 44, 5),
(1649, 401, 39, 3),
(1650, 131, 20, 2),
(1651, 253, 99, 1),
(1652, 543, 56, 3),
(1653, 391, 79, 5),
(1654, 508, 4, 4),
(1655, 145, 5, 5),
(1656, 222, 1, 3),
(1657, 247, 82, 5),
(1658, 507, 73, 5),
(1659, 596, 70, 4),
(1660, 443, 31, 5),
(1661, 197, 33, 1),
(1662, 337, 95, 2),
(1663, 168, 51, 2),
(1664, 523, 77, 2),
(1665, 57, 97, 2),
(1666, 388, 64, 4),
(1667, 395, 43, 3),
(1668, 113, 20, 1),
(1669, 240, 64, 5),
(1670, 425, 47, 2),
(1671, 418, 42, 5),
(1672, 506, 46, 1),
(1673, 301, 71, 5),
(1674, 291, 63, 1),
(1675, 152, 27, 4),
(1676, 80, 65, 4),
(1677, 567, 66, 3),
(1678, 10, 88, 4),
(1679, 77, 9, 4),
(1680, 494, 79, 1),
(1681, 423, 56, 3),
(1682, 242, 21, 2),
(1683, 50, 29, 5),
(1684, 167, 12, 2),
(1685, 478, 89, 5),
(1686, 491, 26, 3),
(1687, 75, 19, 1),
(1688, 240, 19, 4),
(1689, 16, 64, 5),
(1690, 397, 62, 2),
(1691, 167, 59, 2),
(1692, 30, 34, 3),
(1693, 336, 57, 2),
(1694, 527, 37, 4),
(1695, 316, 24, 1),
(1696, 536, 49, 4),
(1697, 261, 77, 5),
(1698, 23, 57, 3),
(1699, 526, 71, 5),
(1700, 252, 20, 2),
(1701, 480, 7, 1),
(1702, 237, 93, 1),
(1703, 64, 72, 4),
(1704, 45, 65, 4),
(1705, 17, 3, 3),
(1706, 189, 88, 5),
(1707, 129, 61, 2),
(1708, 221, 84, 1),
(1709, 84, 86, 2),
(1710, 248, 23, 5),
(1711, 458, 51, 5),
(1712, 350, 30, 5),
(1713, 64, 27, 4),
(1714, 510, 73, 1),
(1715, 187, 48, 2),
(1716, 140, 15, 4),
(1717, 577, 33, 1),
(1718, 489, 27, 1),
(1719, 25, 97, 4),
(1720, 189, 98, 3),
(1721, 425, 78, 5),
(1722, 206, 13, 1),
(1723, 115, 42, 3),
(1724, 137, 17, 5),
(1725, 225, 12, 3),
(1726, 294, 19, 1),
(1727, 322, 5, 2),
(1728, 189, 56, 3),
(1729, 158, 46, 3),
(1730, 322, 34, 5),
(1731, 341, 25, 3),
(1732, 370, 25, 2),
(1733, 533, 57, 5),
(1734, 338, 28, 2),
(1735, 134, 72, 1),
(1736, 569, 81, 4),
(1737, 147, 51, 1),
(1738, 515, 93, 2),
(1739, 140, 11, 2),
(1740, 371, 73, 5),
(1741, 109, 91, 5),
(1742, 489, 68, 2),
(1743, 296, 87, 3),
(1744, 204, 70, 5),
(1745, 297, 98, 1),
(1746, 592, 8, 5),
(1747, 434, 34, 2),
(1748, 387, 77, 2),
(1749, 120, 46, 4),
(1750, 83, 82, 5),
(1751, 180, 77, 2),
(1752, 326, 62, 3),
(1753, 410, 99, 2),
(1754, 99, 90, 4),
(1755, 145, 54, 1),
(1756, 325, 1, 3),
(1757, 49, 25, 5),
(1758, 407, 9, 5),
(1759, 365, 47, 4),
(1760, 463, 4, 2),
(1761, 298, 56, 1),
(1762, 211, 19, 2),
(1763, 132, 45, 1),
(1764, 534, 1, 3),
(1765, 277, 26, 1),
(1766, 549, 22, 4),
(1767, 6, 23, 3),
(1768, 214, 81, 4),
(1769, 253, 1, 3),
(1770, 29, 54, 3),
(1771, 336, 78, 1),
(1772, 523, 84, 5),
(1773, 126, 16, 3),
(1774, 337, 39, 5),
(1775, 563, 54, 1),
(1776, 203, 49, 5),
(1777, 254, 73, 5),
(1778, 236, 23, 2),
(1779, 375, 100, 2),
(1780, 382, 21, 4),
(1781, 259, 21, 2),
(1782, 597, 98, 4),
(1783, 363, 49, 3),
(1784, 143, 27, 5),
(1785, 508, 62, 3),
(1786, 10, 83, 4),
(1787, 485, 63, 3),
(1788, 342, 90, 3),
(1789, 30, 96, 3),
(1790, 54, 14, 3),
(1791, 166, 7, 5),
(1792, 337, 66, 5),
(1793, 70, 58, 3),
(1794, 426, 100, 2),
(1795, 585, 71, 5),
(1796, 398, 30, 4),
(1797, 459, 65, 5),
(1798, 595, 58, 1),
(1799, 12, 97, 3),
(1800, 73, 71, 4),
(1801, 262, 51, 3),
(1802, 553, 9, 4),
(1803, 273, 26, 3),
(1804, 585, 93, 5),
(1805, 517, 28, 3),
(1806, 551, 45, 5),
(1807, 556, 70, 3),
(1808, 468, 79, 4),
(1809, 234, 5, 2),
(1810, 114, 93, 3),
(1811, 180, 21, 1),
(1812, 176, 13, 2),
(1813, 75, 50, 3),
(1814, 372, 96, 2),
(1815, 192, 97, 5),
(1816, 445, 44, 5),
(1817, 545, 50, 1),
(1818, 503, 11, 4),
(1819, 463, 9, 2),
(1820, 407, 4, 3),
(1821, 107, 54, 5),
(1822, 414, 55, 2),
(1823, 25, 63, 1),
(1824, 323, 87, 3),
(1825, 358, 5, 3),
(1826, 465, 90, 2),
(1827, 150, 11, 2),
(1828, 535, 30, 3),
(1829, 271, 36, 4),
(1830, 252, 19, 4),
(1831, 456, 13, 3),
(1832, 507, 17, 1),
(1833, 105, 10, 5),
(1834, 334, 23, 1),
(1835, 297, 40, 4),
(1836, 297, 15, 4),
(1837, 129, 30, 4),
(1838, 54, 64, 2),
(1839, 593, 59, 3),
(1840, 484, 52, 2),
(1841, 567, 65, 1),
(1842, 38, 86, 1),
(1843, 242, 14, 1),
(1844, 173, 23, 2),
(1845, 429, 64, 4),
(1846, 172, 96, 2),
(1847, 393, 18, 5),
(1848, 454, 55, 1),
(1849, 339, 19, 3),
(1850, 26, 17, 4),
(1851, 46, 20, 1),
(1852, 277, 8, 3),
(1853, 213, 72, 5),
(1854, 580, 20, 1),
(1855, 475, 56, 5),
(1856, 542, 97, 1),
(1857, 76, 42, 4),
(1858, 313, 97, 3),
(1859, 493, 68, 1),
(1860, 360, 17, 2),
(1861, 510, 34, 3),
(1862, 152, 67, 4),
(1863, 393, 4, 4),
(1864, 468, 99, 3),
(1865, 487, 96, 3),
(1866, 19, 33, 4),
(1867, 29, 99, 3),
(1868, 50, 6, 4),
(1869, 582, 14, 2),
(1870, 3, 33, 1),
(1871, 290, 41, 3),
(1872, 260, 94, 5),
(1873, 439, 77, 2),
(1874, 112, 95, 1),
(1875, 420, 5, 1),
(1876, 522, 3, 4),
(1877, 198, 31, 3),
(1878, 95, 93, 4),
(1879, 465, 61, 3),
(1880, 564, 63, 3),
(1881, 476, 79, 1),
(1882, 68, 63, 4),
(1883, 478, 85, 4),
(1884, 85, 15, 4),
(1885, 371, 60, 5),
(1886, 193, 8, 1),
(1887, 273, 67, 5),
(1888, 549, 47, 1),
(1889, 179, 88, 3),
(1890, 176, 56, 2),
(1891, 348, 19, 1),
(1892, 295, 79, 3),
(1893, 276, 71, 4),
(1894, 231, 5, 2),
(1895, 63, 42, 1),
(1896, 567, 9, 1),
(1897, 276, 41, 1),
(1898, 584, 46, 5),
(1899, 270, 24, 2),
(1900, 238, 19, 1),
(1901, 383, 55, 2),
(1902, 472, 41, 5),
(1903, 124, 36, 2),
(1904, 579, 33, 2),
(1905, 537, 31, 2),
(1906, 163, 82, 5),
(1907, 153, 72, 4),
(1908, 216, 2, 4),
(1909, 334, 9, 1),
(1910, 77, 39, 4),
(1911, 263, 17, 2),
(1912, 167, 90, 3),
(1913, 509, 52, 3),
(1914, 13, 3, 3),
(1915, 211, 27, 2),
(1916, 395, 13, 3),
(1917, 213, 39, 1),
(1918, 335, 59, 1),
(1919, 441, 80, 1),
(1920, 177, 4, 4),
(1921, 453, 64, 5),
(1922, 485, 22, 4),
(1923, 176, 59, 3),
(1924, 342, 96, 3),
(1925, 148, 75, 5),
(1926, 269, 96, 4),
(1927, 259, 42, 4),
(1928, 459, 79, 2),
(1929, 56, 70, 2),
(1930, 132, 98, 1),
(1931, 208, 28, 5),
(1932, 523, 74, 2),
(1933, 516, 41, 2),
(1934, 364, 14, 1),
(1935, 492, 86, 5),
(1936, 306, 1, 5),
(1937, 225, 80, 4),
(1938, 123, 19, 1),
(1939, 351, 100, 1),
(1940, 303, 97, 4),
(1941, 260, 67, 2),
(1942, 463, 58, 5),
(1943, 47, 91, 1),
(1944, 413, 70, 2),
(1945, 469, 91, 3),
(1946, 541, 17, 1),
(1947, 249, 26, 5),
(1948, 291, 9, 4),
(1949, 88, 37, 1),
(1950, 479, 35, 5),
(1951, 330, 58, 3),
(1952, 316, 13, 2),
(1953, 183, 2, 2),
(1954, 373, 91, 5),
(1955, 483, 13, 1),
(1956, 554, 34, 1),
(1957, 354, 63, 1),
(1958, 368, 3, 1),
(1959, 245, 76, 4),
(1960, 210, 28, 1),
(1961, 462, 91, 3),
(1962, 188, 29, 4),
(1963, 94, 16, 4),
(1964, 292, 56, 2),
(1965, 95, 28, 4),
(1966, 115, 68, 2),
(1967, 165, 63, 4),
(1968, 568, 32, 1),
(1969, 34, 42, 5),
(1970, 68, 85, 1),
(1971, 385, 40, 2),
(1972, 68, 8, 2),
(1973, 280, 92, 4),
(1974, 391, 82, 3),
(1975, 148, 96, 4),
(1976, 517, 15, 1),
(1977, 73, 23, 2),
(1978, 71, 79, 5),
(1979, 78, 82, 1),
(1980, 507, 36, 3),
(1981, 475, 50, 3),
(1982, 16, 22, 2),
(1983, 586, 34, 5),
(1984, 85, 38, 1),
(1985, 396, 53, 1),
(1986, 457, 81, 4),
(1987, 240, 31, 2),
(1988, 546, 82, 3),
(1989, 587, 17, 5),
(1990, 434, 69, 3),
(1991, 367, 30, 1),
(1992, 202, 57, 4),
(1993, 318, 41, 5),
(1994, 174, 48, 2),
(1995, 93, 78, 5),
(1996, 7, 12, 5),
(1997, 136, 78, 1),
(1998, 236, 51, 4),
(1999, 128, 71, 3),
(2000, 359, 22, 4);

-- --------------------------------------------------------

--
-- Structură tabel pentru tabel `products`
--

CREATE TABLE `products` (
  `id` int(255) NOT NULL,
  `name` varchar(255) NOT NULL,
  `weight` float NOT NULL,
  `price` float NOT NULL
) ENGINE=InnoDB DEFAULT CHARSET=utf8;

--
-- Eliminarea datelor din tabel `products`
--

INSERT INTO `products` (`id`, `name`, `weight`, `price`) VALUES
(1, 'Radish - Pickled', 0.97, 19.84),
(2, 'Muffin Batt - Carrot Spice', 1.12, 8.61),
(3, 'Flour Dark Rye', 2.8, 17.62),
(4, 'Edible Flower - Mixed', 2.59, 3.35),
(5, 'Sardines', 2.47, 10.45),
(6, 'Muffins - Assorted', 2.05, 18.56),
(7, 'Bread - Crumbs, Bulk', 0.78, 7.83),
(8, 'Chervil - Fresh', 1.24, 15.28),
(9, 'Dragon Fruit', 1.05, 19.47),
(10, 'Pork - Loin, Center Cut', 0.75, 1.54),
(11, 'Flower - Daisies', 0.9, 11.56),
(12, 'Island Oasis - Raspberry', 1.29, 6.46),
(13, 'Peppercorns - Green', 2.5, 12.86),
(14, 'Pie Filling - Cherry', 1.56, 6.58),
(15, 'Juice - Grape, White', 0.2, 7.64),
(16, 'Glass - Juice Clear 5oz 55005', 1.2, 14.82),
(17, 'Cake - Box Window 10x10x2.5', 2.42, 3.26),
(18, 'Wine - Harrow Estates, Vidal', 0.74, 2.76),
(19, 'Sauce - Soy Low Sodium - 3.87l', 2.81, 6.29),
(20, 'Muffin - Mix - Creme Brule 15l', 0.18, 15.61),
(21, 'Cheese - Montery Jack', 2.27, 13.89),
(22, 'Anchovy Paste - 56 G Tube', 0.81, 12.88),
(23, 'Wine - Ej Gallo Sierra Valley', 2.03, 5.9),
(24, 'White Fish - Filets', 1.23, 10.41),
(25, 'French Pastry - Mini Chocolate', 2.54, 17.14),
(26, 'Table Cloth 81x81 White', 1.18, 9.75),
(27, 'Wine - White, Pelee Island', 1.97, 15.75),
(28, 'Pepper - Red, Finger Hot', 2.79, 8.84),
(29, 'Pears - Fiorelle', 1.84, 3.76),
(30, 'Plastic Arrow Stir Stick', 1.85, 8.38),
(31, 'Soup - Knorr, Chicken Noodle', 2.53, 3.81),
(32, 'Wine - Mas Chicet Rose, Vintage', 1.69, 16.19),
(33, 'Table Cloth - 53x69 Colour', 2.14, 16.97),
(34, 'Bag - Clear 7 Lb', 1.88, 17.51),
(35, 'Mushroom Morel Fresh', 0.86, 5.75),
(36, 'Capicola - Hot', 2.02, 11.93),
(37, 'Coffee - French Vanilla Frothy', 0.84, 8.7),
(38, 'Ocean Spray - Ruby Red', 0.59, 19.75),
(39, 'Pastry - Key Limepoppy Seed Tea', 2.67, 1.04),
(40, 'Steel Wool S.o.s', 1.95, 7.36),
(41, 'Cut Wakame - Hanawakaba', 0.41, 18.8),
(42, 'Pepper - Chilli Seeds Mild', 0.17, 14.92),
(43, 'Ham - Proscuitto', 2.75, 3.06),
(44, 'Chocolate - Milk, Callets', 0.57, 19.62),
(45, 'Amarula Cream', 1.8, 12.81),
(46, 'Cheese - Goat', 1.47, 11.97),
(47, 'Oil - Food, Lacquer Spray', 2.53, 15.4),
(48, 'Olive - Spread Tapenade', 1.9, 10.16),
(49, 'Rice - Jasmine Sented', 2.82, 19.32),
(50, 'Gin - Gilbeys London, Dry', 0.21, 9.66),
(51, 'Spinach - Packaged', 0.49, 16.47),
(52, 'Kellogs Special K Cereal', 0.14, 4.45),
(53, 'Snapple - Mango Maddness', 0.46, 9.04),
(54, 'Wine - Barbera Alba Doc 2001', 0.88, 4.73),
(55, 'Salmon Steak - Cohoe 8 Oz', 0.61, 16.98),
(56, 'Doilies - 10, Paper', 1.02, 13.41),
(57, 'Beer - Muskoka Cream Ale', 2.51, 2.92),
(58, 'Bagel - Sesame Seed Presliced', 1.33, 13.03),
(59, 'Chocolate - Semi Sweet', 0.93, 1.28),
(60, 'Yogurt - Raspberry, 175 Gr', 0.42, 7.82),
(61, 'Pasta - Lasagna Noodle, Frozen', 0.59, 17.83),
(62, 'Food Colouring - Blue', 0.99, 2.11),
(63, 'Oil - Macadamia', 0.16, 12.64),
(64, 'Quiche Assorted', 0.83, 19.14),
(65, 'Cheese - Goat With Herbs', 2.48, 4.81),
(66, 'Bagel - Whole White Sesame', 1.34, 15.56),
(67, 'Flavouring - Rum', 0.31, 16.7),
(68, 'Wine - German Riesling', 1.17, 15.73),
(69, 'Pie Filling - Cherry', 1.79, 10.77),
(70, 'Sour Cream', 0.67, 3.09),
(71, 'Sugar - Icing', 1.92, 12.04),
(72, 'Beets - Pickled', 2.45, 11.81),
(73, 'Compound - Passion Fruit', 1, 11.62),
(74, 'Butter - Salted', 0.46, 9.62),
(75, 'Oil - Sunflower', 0.18, 19.07),
(76, 'Beef - Bones, Marrow', 2.29, 16.86),
(77, 'Chicken Breast Wing On', 1.26, 17.05),
(78, 'Dried Apple', 0.14, 4.24),
(79, 'Pepper - Sorrano', 0.66, 4.79),
(80, 'Hand Towel', 2.79, 16.89),
(81, 'Yogurt - Blueberry, 175 Gr', 1.32, 10.22),
(82, 'Rum - Coconut, Malibu', 1.24, 13.11),
(83, 'Dried Peach', 0.86, 19.71),
(84, 'Chocolate - Unsweetened', 2.42, 16.15),
(85, 'Maple Syrup', 2.15, 10.15),
(86, 'Veal - Leg, Provimi - 50 Lb Max', 0.98, 5.26),
(87, 'Lime Cordial - Roses', 2.68, 8.8),
(88, 'Seedlings - Buckwheat, Organic', 1.66, 12.26),
(89, 'Loaf Pan - 2 Lb, Foil', 0.68, 2.42),
(90, 'Ecolab - Power Fusion', 2.24, 4.62),
(91, 'Barramundi', 2.32, 15.68),
(92, 'Plasticspoonblack', 1.37, 8.22),
(93, 'Muffin - Mix - Mango Sour Cherry', 1.21, 1.18),
(94, 'Steam Pan Full Lid', 1.24, 13.54),
(95, 'Liners - Banana, Paper', 0.34, 16.87),
(96, 'Beef - Short Ribs', 1.47, 6.91),
(97, 'Quail - Jumbo Boneless', 2.18, 7.72),
(98, 'Sugar - Individual Portions', 1.44, 9.01),
(99, 'Scampi Tail', 2.42, 18.37),
(100, 'Wine - Pinot Grigio Collavini', 1.56, 11.48);

--
-- Indexuri pentru tabele eliminate
--

--
-- Indexuri pentru tabele `customers`
--
ALTER TABLE `customers`
  ADD PRIMARY KEY (`id`);

--
-- Indexuri pentru tabele `orders`
--
ALTER TABLE `orders`
  ADD PRIMARY KEY (`id`);

--
-- Indexuri pentru tabele `orders_products`
--
ALTER TABLE `orders_products`
  ADD PRIMARY KEY (`id`);

--
-- Indexuri pentru tabele `products`
--
ALTER TABLE `products`
  ADD PRIMARY KEY (`id`);

--
-- AUTO_INCREMENT pentru tabele eliminate
--

--
-- AUTO_INCREMENT pentru tabele `customers`
--
ALTER TABLE `customers`
  MODIFY `id` int(11) NOT NULL AUTO_INCREMENT, AUTO_INCREMENT=501;

--
-- AUTO_INCREMENT pentru tabele `orders`
--
ALTER TABLE `orders`
  MODIFY `id` int(255) NOT NULL AUTO_INCREMENT, AUTO_INCREMENT=601;

--
-- AUTO_INCREMENT pentru tabele `orders_products`
--
ALTER TABLE `orders_products`
  MODIFY `id` int(255) NOT NULL AUTO_INCREMENT, AUTO_INCREMENT=2001;

--
-- AUTO_INCREMENT pentru tabele `products`
--
ALTER TABLE `products`
  MODIFY `id` int(255) NOT NULL AUTO_INCREMENT, AUTO_INCREMENT=101;
COMMIT;

/*!40101 SET CHARACTER_SET_CLIENT=@OLD_CHARACTER_SET_CLIENT */;
/*!40101 SET CHARACTER_SET_RESULTS=@OLD_CHARACTER_SET_RESULTS */;
/*!40101 SET COLLATION_CONNECTION=@OLD_COLLATION_CONNECTION */;
